wall_time_iso,wall_time_s,wrench_stamp_s,abs_force_x,abs_force_y,abs_force_z,abs_torque_x,abs_torque_y,abs_torque_z,delta_force_x,delta_force_y,delta_force_z,delta_torque_x,delta_torque_y,delta_torque_z,grad_force_x,grad_force_y,grad_force_z,grad_torque_x,grad_torque_y,grad_torque_z
2026-04-18T05:59:57.242770+00:00,1776491997.242769957,136.014000000,0.258777432,0.382280609,20.785639221,0.018470368,-0.096406881,-0.027811334,0.000000000,0.000000000,0.000000000,0.000000000,0.000000000,0.000000000,0.000000000,0.000000000,0.000000000,0.000000000,0.000000000,0.000000000
2026-04-18T05:59:57.422171+00:00,1776491997.422171116,136.118000000,-0.085285399,0.557417661,20.423108390,0.078402111,-0.093199485,-0.064827205,0.000000000,0.000000000,0.000000000,0.000000000,0.000000000,0.000000000,0.000000000,0.000000000,0.000000000,0.000000000,0.000000000,0.000000000
2026-04-18T05:59:57.654536+00:00,1776491997.654536009,136.218000000,0.221389234,0.541683546,20.534829614,0.085294568,-0.095859819,-0.020072961,0.306674633,-0.015734115,0.111721224,0.006892457,-0.002660334,0.044754244,3.066746333,-0.157341149,1.117212239,0.068924569,-0.026603342,0.447542443
2026-04-18T05:59:57.807216+00:00,1776491997.807215929,136.318000000,4.406953087,0.166124404,13.424314085,0.258746142,0.521310972,-0.158988141,0.000000000,0.000000000,0.000000000,0.000000000,0.000000000,0.000000000,0.000000000,0.000000000,0.000000000,0.000000000,0.000000000,0.000000000
2026-04-18T05:59:57.977699+00:00,1776491997.977699041,136.420000000,1.305625646,-0.698401065,18.813888342,0.102625643,0.046618755,0.010718945,0.000000000,0.000000000,0.000000000,0.000000000,0.000000000,0.000000000,0.000000000,0.000000000,0.000000000,0.000000000,0.000000000,0.000000000
2026-04-18T05:59:58.143150+00:00,1776491998.143150091,136.502000000,1.347198254,-2.872263336,19.887057865,-0.000123935,0.001336074,-0.039189661,0.041572608,-2.173862272,1.073169523,-0.102749578,-0.045282681,-0.049908605,0.415726081,-21.738622718,10.731695230,-1.027495781,-0.452826812,-0.499086055
2026-04-18T05:59:58.313049+00:00,1776491998.313049078,136.604000000,0.966879403,-4.387804552,20.080565866,0.019853333,-0.024759391,0.123876568,0.000000000,0.000000000,0.000000000,0.000000000,0.000000000,0.000000000,0.000000000,0.000000000,0.000000000,0.000000000,0.000000000,0.000000000
2026-04-18T05:59:58.498803+00:00,1776491998.498802900,136.712000000,1.329243449,-5.865252676,19.060436537,0.154098210,0.030675819,0.045428691,0.000000000,0.000000000,0.000000000,0.000000000,0.000000000,0.000000000,0.000000000,0.000000000,0.000000000,0.000000000,0.000000000,0.000000000
2026-04-18T05:59:58.632737+00:00,1776491998.632736921,136.812000000,0.412003076,-6.335201962,19.805553265,0.039181948,0.058991106,0.030148704,0.000000000,0.000000000,0.000000000,0.000000000,0.000000000,0.000000000,0.000000000,0.000000000,0.000000000,0.000000000,0.000000000,0.000000000
2026-04-18T05:59:58.797618+00:00,1776491998.797617912,136.914000000,0.294305577,-6.661371243,19.717356249,0.000736665,-0.008785835,-0.021820268,0.000000000,0.000000000,0.000000000,0.000000000,0.000000000,0.000000000,0.000000000,0.000000000,0.000000000,0.000000000,0.000000000,0.000000000
2026-04-18T05:59:58.963853+00:00,1776491998.963852882,137.016000000,0.453421206,-7.091709745,19.330528186,0.079271591,-0.060057903,0.071404298,0.000000000,0.000000000,0.000000000,0.000000000,0.000000000,0.000000000,0.000000000,0.000000000,0.000000000,0.000000000,0.000000000,0.000000000
2026-04-18T05:59:59.145917+00:00,1776491999.145916939,137.120000000,0.665119915,-6.763661049,19.542687153,0.097475520,-0.101108452,0.034245924,0.000000000,0.000000000,0.000000000,0.000000000,0.000000000,0.000000000,0.000000000,0.000000000,0.000000000,0.000000000,0.000000000,0.000000000
2026-04-18T05:59:59.308334+00:00,1776491999.308334112,137.220000000,-0.181711033,-7.323014270,19.274066378,0.033038633,-0.013904338,0.118019473,-0.846830949,-0.559353221,-0.268620774,-0.064436887,0.087204113,0.083773549,-8.468309486,-5.593532205,-2.686207743,-0.644368869,0.872041131,0.837735492
2026-04-18T05:59:59.472805+00:00,1776491999.472805023,137.304000000,0.381329041,-7.673173336,19.130382796,0.072820525,-0.024074598,-0.003353407,0.563040074,-0.350159066,-0.143683583,0.039781892,-0.010170259,-0.121372880,5.630400742,-3.501590664,-1.436835827,0.397818918,-0.101702594,-1.213728804
2026-04-18T05:59:59.646223+00:00,1776491999.646223068,137.404000000,0.199077957,-7.767320239,18.948581374,0.122234922,-0.140964533,-0.017993628,-0.182251084,-0.094146903,-0.181801422,0.049414397,-0.116889935,-0.014640221,-1.822510840,-0.941469026,-1.818014216,0.494143970,-1.168899355,-0.146402210
2026-04-18T05:59:59.824331+00:00,1776491999.824331045,137.512000000,0.029836864,-7.558856228,18.893599403,-0.017318307,-0.146346689,0.062677280,0.000000000,0.000000000,0.000000000,0.000000000,0.000000000,0.000000000,0.000000000,0.000000000,0.000000000,0.000000000,0.000000000,0.000000000
2026-04-18T05:59:59.999314+00:00,1776491999.999314070,137.614000000,0.137218806,-7.682152356,19.054304252,0.096918431,-0.110123000,-0.026985894,0.000000000,0.000000000,0.000000000,0.000000000,0.000000000,0.000000000,0.000000000,0.000000000,0.000000000,0.000000000,0.000000000,0.000000000
2026-04-18T06:00:00.169457+00:00,1776492000.169456959,137.718000000,0.423289627,-7.681409418,19.109083631,0.048503537,-0.148289162,0.029022855,0.000000000,0.000000000,0.000000000,0.000000000,0.000000000,0.000000000,0.000000000,0.000000000,0.000000000,0.000000000,0.000000000,0.000000000
2026-04-18T06:00:00.327507+00:00,1776492000.327507019,137.818000000,0.213691333,-7.323071933,19.073579964,0.164591990,-0.088126208,-0.072324038,0.000000000,0.000000000,0.000000000,0.000000000,0.000000000,0.000000000,0.000000000,0.000000000,0.000000000,0.000000000,0.000000000,0.000000000
2026-04-18T06:00:00.494793+00:00,1776492000.494792938,137.920000000,-0.268623068,-7.741590749,18.930317357,0.097872164,-0.070178005,-0.014694945,0.000000000,0.000000000,0.000000000,0.000000000,0.000000000,0.000000000,0.000000000,0.000000000,0.000000000,0.000000000,0.000000000,0.000000000
2026-04-18T06:00:00.660869+00:00,1776492000.660868883,138.002000000,-0.349526801,-7.327249675,19.011284482,0.158505032,-0.142183336,0.012029759,-0.080903733,0.414341074,0.080967125,0.060632869,-0.072005330,0.026724704,-0.809037332,4.143410738,0.809671251,0.606328687,-0.720053304,0.267247038
2026-04-18T06:00:00.840203+00:00,1776492000.840203047,138.102000000,0.067865513,-7.434182804,18.728948149,0.080718603,-0.105663398,-0.037871336,0.417392315,-0.106933129,-0.282336334,-0.077786429,0.036519938,-0.049901094,4.173923145,-1.069331292,-2.823363336,-0.777864290,0.365199382,-0.499010945
2026-04-18T06:00:01.019531+00:00,1776492001.019531012,138.206000000,0.151199695,-7.365720043,19.385747565,0.035225494,-0.098924534,0.031488601,0.000000000,0.000000000,0.000000000,0.000000000,0.000000000,0.000000000,0.000000000,0.000000000,0.000000000,0.000000000,0.000000000,0.000000000
2026-04-18T06:00:01.189567+00:00,1776492001.189567089,138.306000000,0.198476960,-7.254288011,19.359952714,0.117517861,-0.088372061,0.014254150,0.000000000,0.000000000,0.000000000,0.000000000,0.000000000,0.000000000,0.000000000,0.000000000,0.000000000,0.000000000,0.000000000,0.000000000
2026-04-18T06:00:01.352306+00:00,1776492001.352305889,138.410000000,0.154184531,-7.576430691,19.183168201,0.130414202,-0.162473644,-0.003048127,0.000000000,0.000000000,0.000000000,0.000000000,0.000000000,0.000000000,0.000000000,0.000000000,0.000000000,0.000000000,0.000000000,0.000000000
2026-04-18T06:00:01.519792+00:00,1776492001.519792080,138.518000000,0.386654347,-7.187699840,18.836800069,0.161540180,-0.186482577,-0.022095145,0.000000000,0.000000000,0.000000000,0.000000000,0.000000000,0.000000000,0.000000000,0.000000000,0.000000000,0.000000000,0.000000000,0.000000000
2026-04-18T06:00:01.700509+00:00,1776492001.700509071,138.602000000,0.229755508,-7.658807532,19.497571987,0.113066121,-0.105079853,-0.062798329,-0.156898839,-0.471107692,0.660771919,-0.048474059,0.081402724,-0.040703184,-1.568988389,-4.711076924,6.607719187,-0.484740590,0.814027237,-0.407031841
2026-04-18T06:00:01.920612+00:00,1776492001.920612097,138.702000000,0.299539919,-7.498169452,19.049847229,0.063705307,-0.118021718,-0.060194212,0.069784411,0.160638081,-0.447724758,-0.049360813,-0.012941865,0.002604117,0.697844111,1.606380806,-4.477247579,-0.493608132,-0.129418652,0.026041166
2026-04-18T06:00:02.071449+00:00,1776492002.071449041,138.802000000,-0.066563756,-7.658226750,19.497017196,0.136016548,-0.049370235,0.113556890,-0.366103675,-0.160057299,0.447169967,0.072311241,0.068651484,0.173751102,-3.661036753,-1.600572988,4.471699667,0.723112412,0.686514837,1.737511024
2026-04-18T06:00:02.259001+00:00,1776492002.259001017,138.904000000,0.353756939,-7.429771688,19.037328309,0.076235441,-0.044594759,0.035221782,0.000000000,0.000000000,0.000000000,0.000000000,0.000000000,0.000000000,0.000000000,0.000000000,0.000000000,0.000000000,0.000000000,0.000000000
2026-04-18T06:00:02.434628+00:00,1776492002.434628010,139.012000000,0.103057622,-7.496354210,19.478918691,0.069666218,-0.105692479,0.043063123,0.000000000,0.000000000,0.000000000,0.000000000,0.000000000,0.000000000,0.000000000,0.000000000,0.000000000,0.000000000,0.000000000,0.000000000
2026-04-18T06:00:02.605110+00:00,1776492002.605109930,139.114000000,0.298032803,-7.213957175,19.104063184,-0.003502454,-0.187626944,-0.044041321,0.000000000,0.000000000,0.000000000,0.000000000,0.000000000,0.000000000,0.000000000,0.000000000,0.000000000,0.000000000,0.000000000,0.000000000
2026-04-18T06:00:02.791178+00:00,1776492002.791177988,139.220000000,0.069743855,-7.471210784,19.065646812,0.082614446,-0.128621171,-0.016994500,0.000000000,0.000000000,0.000000000,0.000000000,0.000000000,0.000000000,0.000000000,0.000000000,0.000000000,0.000000000,0.000000000,0.000000000
2026-04-18T06:00:02.955447+00:00,1776492002.955446959,139.320000000,0.153661943,-7.305513138,19.311210123,0.093046026,-0.043109321,-0.009588079,0.083918088,0.165697647,0.245563311,0.010431579,0.085511850,0.007406421,0.839180879,1.656976465,2.455633112,0.104315794,0.855118495,0.074064208
2026-04-18T06:00:03.116087+00:00,1776492003.116086960,139.400000000,0.348322841,-7.705410014,19.112419483,0.159189815,-0.185104756,-0.020102169,0.194660898,-0.399896876,-0.198790640,0.066143789,-0.141995435,-0.010514090,1.946608980,-3.998968761,-1.987906401,0.661437891,-1.419954350,-0.105140905
2026-04-18T06:00:03.285640+00:00,1776492003.285640001,139.502000000,0.268925320,-6.791243946,19.021461532,0.026846503,-0.144301326,0.050797385,0.000000000,0.000000000,0.000000000,0.000000000,0.000000000,0.000000000,0.000000000,0.000000000,0.000000000,0.000000000,0.000000000,0.000000000
2026-04-18T06:00:03.445922+00:00,1776492003.445921898,139.602000000,0.103122410,-7.723587744,18.899577612,0.092210539,-0.107545099,0.028092265,-0.165802909,-0.932343799,-0.121883919,0.065364036,0.036756227,-0.022705121,-1.658029092,-9.323437988,-1.218839192,0.653640360,0.367562271,-0.227051206
2026-04-18T06:00:03.626780+00:00,1776492003.626780033,139.704000000,0.179436723,-7.442525275,19.321125180,0.033407746,-0.040585306,-0.053321061,0.000000000,0.000000000,0.000000000,0.000000000,0.000000000,0.000000000,0.000000000,0.000000000,0.000000000,0.000000000,0.000000000,0.000000000
2026-04-18T06:00:03.779174+00:00,1776492003.779174089,139.804000000,0.114705362,-7.658851105,18.885444609,0.119350403,-0.118474885,0.047580075,-0.064731361,-0.216325831,-0.435680572,0.085942657,-0.077889579,0.100901137,-0.647313606,-2.163258306,-4.356805717,0.859426573,-0.778895789,1.009011366
2026-04-18T06:00:03.931999+00:00,1776492003.931998968,139.906000000,0.344236985,-7.431941483,18.852676366,0.092341979,-0.147009675,-0.027759985,0.000000000,0.000000000,0.000000000,0.000000000,0.000000000,0.000000000,0.000000000,0.000000000,0.000000000,0.000000000,0.000000000,0.000000000
2026-04-18T06:00:04.096036+00:00,1776492004.096035957,140.026000000,0.333452408,-7.676656380,19.024723301,0.045809014,-0.097699505,-0.011322938,0.000000000,0.000000000,0.000000000,0.000000000,0.000000000,0.000000000,0.000000000,0.000000000,0.000000000,0.000000000,0.000000000,0.000000000
2026-04-18T06:00:04.262450+00:00,1776492004.262449980,140.106000000,0.638652232,-6.897503407,15.595286102,0.082221743,-0.050024855,-0.057067302,0.305199824,0.779152973,-3.429437199,0.036412728,0.047674650,-0.045744363,3.051998236,7.791529733,-34.294371991,0.364127283,0.476746504,-0.457443632
2026-04-18T06:00:04.459274+00:00,1776492004.459274054,140.210000000,0.651081712,-7.354692026,17.451787106,0.164294147,-0.069020175,0.016280890,0.000000000,0.000000000,0.000000000,0.000000000,0.000000000,0.000000000,0.000000000,0.000000000,0.000000000,0.000000000,0.000000000,0.000000000
2026-04-18T06:00:04.599588+00:00,1776492004.599587917,140.312000000,-0.128189511,-1.460485227,7.681996027,-1.244075870,-0.592508550,-0.031081888,0.000000000,0.000000000,0.000000000,0.000000000,0.000000000,0.000000000,0.000000000,0.000000000,0.000000000,0.000000000,0.000000000,0.000000000
2026-04-18T06:00:04.799273+00:00,1776492004.799273014,140.418000000,-0.566322207,-1.771020743,7.263121801,-1.315381055,-0.588252155,-0.079143596,0.000000000,0.000000000,0.000000000,0.000000000,0.000000000,0.000000000,0.000000000,0.000000000,0.000000000,0.000000000,0.000000000,0.000000000
2026-04-18T06:00:04.989256+00:00,1776492004.989255905,140.518000000,-0.230023391,-2.224066553,7.663937080,-1.178663923,-0.415685680,-0.066678306,0.336298816,-0.453045810,0.400815279,0.136717132,0.172566476,0.012465290,3.362988159,-4.530458097,4.008152787,1.367171318,1.725664759,0.124652903
2026-04-18T06:00:05.168109+00:00,1776492005.168108940,140.620000000,-0.398554443,-2.529972980,7.501875176,-1.157007410,-0.512900682,-0.029840927,0.000000000,0.000000000,0.000000000,0.000000000,0.000000000,0.000000000,0.000000000,0.000000000,0.000000000,0.000000000,0.000000000,0.000000000
2026-04-18T06:00:05.371500+00:00,1776492005.371500015,140.702000000,-0.231495327,-2.097805791,7.586361450,-1.149485152,-0.483954943,0.070751443,0.167059116,0.432167189,0.084486275,0.007522258,0.028945739,0.100592369,1.670591156,4.321671887,0.844862746,0.075222580,0.289457393,1.005923693
2026-04-18T06:00:05.513064+00:00,1776492005.513063908,140.802000000,-0.206117145,-2.318725216,7.528455725,-1.120210633,-0.573091618,0.019626791,0.025378182,-0.220919426,-0.057905725,0.029274519,-0.089136674,-0.051124651,0.253781817,-2.209194255,-0.579057253,0.292745193,-0.891366745,-0.511246514
2026-04-18T06:00:05.686408+00:00,1776492005.686408043,140.908000000,-0.101085076,-1.961381865,7.774340570,-1.199758754,-0.512252174,0.032696639,0.000000000,0.000000000,0.000000000,0.000000000,0.000000000,0.000000000,0.000000000,0.000000000,0.000000000,0.000000000,0.000000000,0.000000000
2026-04-18T06:00:05.865158+00:00,1776492005.865158081,141.010000000,-0.400442708,-2.188648309,7.318913116,-1.185189516,-0.466958677,-0.008920871,0.000000000,0.000000000,0.000000000,0.000000000,0.000000000,0.000000000,0.000000000,0.000000000,0.000000000,0.000000000,0.000000000,0.000000000
2026-04-18T06:00:06.028073+00:00,1776492006.028073072,141.116000000,-0.024891938,-2.204107001,7.504791709,-1.215526499,-0.590001000,0.015785286,0.000000000,0.000000000,0.000000000,0.000000000,0.000000000,0.000000000,0.000000000,0.000000000,0.000000000,0.000000000,0.000000000,0.000000000
2026-04-18T06:00:06.214585+00:00,1776492006.214585066,141.216000000,-0.112596746,-1.690031051,7.603412857,-1.274653925,-0.455408343,-0.099726984,-0.087704808,0.514075950,0.098621148,-0.059127425,0.134592656,-0.115512270,-0.877048081,5.140759496,0.986211481,-0.591274253,1.345926564,-1.155122696
2026-04-18T06:00:06.372369+00:00,1776492006.372369051,141.318000000,0.065864182,-2.295370169,7.488933887,-1.210783703,-0.314700158,0.022092008,0.000000000,0.000000000,0.000000000,0.000000000,0.000000000,0.000000000,0.000000000,0.000000000,0.000000000,0.000000000,0.000000000,0.000000000
2026-04-18T06:00:06.553765+00:00,1776492006.553765059,141.418000000,-0.014263668,-1.932227262,7.703339720,-1.311510660,-0.449077587,-0.011030712,-0.080127850,0.363142907,0.214405833,-0.100726956,-0.134377429,-0.033122720,-0.801278497,3.631429066,2.144058331,-1.007269564,-1.343774289,-0.331227204
2026-04-18T06:00:06.724284+00:00,1776492006.724283934,141.518000000,-0.457730091,-2.203266504,7.369639964,-1.231858075,-0.507070323,0.110030552,-0.443466424,-0.271039242,-0.333699756,0.079652584,-0.057992736,0.121061264,-4.434664238,-2.710392417,-3.336997559,0.796525843,-0.579927361,1.210612638
2026-04-18T06:00:06.893650+00:00,1776492006.893650055,141.618000000,-0.208733263,-2.218798284,7.840865004,-1.194097034,-0.431962201,-0.092872779,0.248996829,-0.015531780,0.471225040,0.037761041,0.075108122,-0.202903330,2.489968286,-0.155317797,4.712250402,0.377610414,0.751081223,-2.029033302
2026-04-18T06:00:07.081070+00:00,1776492007.081069946,141.718000000,-0.145568692,-2.325123577,7.335823921,-1.247799667,-0.379098439,-0.015097255,0.063164571,-0.106325294,-0.505041083,-0.053702633,0.052863762,0.077775524,0.631645711,-1.063252936,-5.050410830,-0.537026335,0.528637616,0.777755237
2026-04-18T06:00:07.257740+00:00,1776492007.257740021,141.818000000,-0.175574843,-1.739322228,7.761508848,-1.343930075,-0.473536099,-0.068098768,0.000000000,0.000000000,0.000000000,0.000000000,0.000000000,0.000000000,0.000000000,0.000000000,0.000000000,0.000000000,0.000000000,0.000000000
2026-04-18T06:00:07.440986+00:00,1776492007.440985918,141.918000000,-0.305325398,-2.258720713,7.435062245,-1.267927129,-0.534679417,0.004603156,-0.129750555,-0.519398485,-0.326446603,0.076002946,-0.061143318,0.072701925,-1.297505554,-5.193984851,-3.264466028,0.760029463,-0.611433180,0.727019245
2026-04-18T06:00:07.621029+00:00,1776492007.621028900,142.018000000,-0.487803343,-2.121587093,7.576951374,-1.284459371,-0.438807477,-0.046398512,-0.182477945,0.137133620,0.141889129,-0.016532242,0.095871941,-0.051001668,-1.824779453,1.371336199,1.418891295,-0.165322415,0.958719405,-0.510016683
2026-04-18T06:00:07.833776+00:00,1776492007.833775997,142.118000000,-0.078096709,-1.965974952,7.406130925,-1.122581745,-0.419790219,-0.032325885,0.409706634,0.155612141,-0.170820450,0.161877626,0.019017258,0.014072628,4.097066343,1.556121405,-1.708204498,1.618776255,0.190172578,0.140726275
2026-04-18T06:00:08.026185+00:00,1776492008.026185036,142.198000000,-0.009245173,-2.059326706,7.308109883,-1.232637809,-0.449163418,-0.063410939,0.068851536,-0.093351753,-0.098021042,-0.110056064,-0.029373199,-0.031085055,0.688515357,-0.933517532,-0.980210415,-1.100560642,-0.293731993,-0.310850548
2026-04-18T06:00:08.199021+00:00,1776492008.199021101,142.306000000,-0.367191011,-2.348404614,7.436859123,-1.210978817,-0.493522441,0.060565713,0.000000000,0.000000000,0.000000000,0.000000000,0.000000000,0.000000000,0.000000000,0.000000000,0.000000000,0.000000000,0.000000000,0.000000000
2026-04-18T06:00:08.394096+00:00,1776492008.394095898,142.406000000,-0.120934817,-1.897499634,7.204416008,-1.198053236,-0.418626665,0.098053584,0.246256194,0.450904980,-0.232443115,0.012925582,0.074895776,0.037487871,2.462561942,4.509049801,-2.324431152,0.129255817,0.748957762,0.374878713
2026-04-18T06:00:08.593131+00:00,1776492008.593131065,142.506000000,0.030451959,-2.074282457,7.518363164,-1.204856594,-0.467094125,-0.072257221,0.151386775,-0.176782823,0.313947157,-0.006803358,-0.048467460,-0.170310805,1.513867755,-1.767828235,3.139471569,-0.068033578,-0.484674601,-1.703108051
2026-04-18T06:00:08.776678+00:00,1776492008.776678085,142.610000000,-0.192020893,-2.146487002,7.964565145,-1.193325040,-0.523079295,-0.035172271,0.000000000,0.000000000,0.000000000,0.000000000,0.000000000,0.000000000,0.000000000,0.000000000,0.000000000,0.000000000,0.000000000,0.000000000
2026-04-18T06:00:08.995093+00:00,1776492008.995093107,142.710000000,0.169449103,-2.413185977,7.449597346,-1.238988559,-0.382337105,0.029355772,0.361469996,-0.266698975,-0.514967799,-0.045663519,0.140742190,0.064528043,3.614699959,-2.666989749,-5.149677990,-0.456635190,1.407421901,0.645280431
2026-04-18T06:00:09.153996+00:00,1776492009.153995991,142.810000000,-0.632044607,-2.296565038,7.642731584,-1.177950190,-0.559400395,-0.095327691,-0.801493710,0.116620939,0.193134238,0.061038369,-0.177063290,-0.124683464,-8.014937105,1.166209390,1.931342382,0.610383689,-1.770632898,-1.246834635
2026-04-18T06:00:09.324771+00:00,1776492009.324770927,142.910000000,-0.422135757,-2.578242871,7.388933545,-1.245974778,-0.490682244,-0.074164441,0.209908850,-0.281677833,-0.253798039,-0.068024588,0.068718151,0.021163250,2.099088500,-2.816778333,-2.537980392,-0.680245876,0.687181505,0.211632504
2026-04-18T06:00:09.501922+00:00,1776492009.501921892,143.010000000,0.082046063,-2.261891378,7.912024612,-1.160904931,-0.419532004,-0.071575769,0.504181821,0.316351493,0.523091067,0.085069846,0.071150240,0.002588671,5.041818208,3.163514927,5.230910665,0.850698464,0.711502401,0.025886715
2026-04-18T06:00:09.695507+00:00,1776492009.695507050,143.110000000,-0.436999751,-1.814220414,7.622088471,-1.304661338,-0.500724345,0.042828683,0.000000000,0.000000000,0.000000000,0.000000000,0.000000000,0.000000000,0.000000000,0.000000000,0.000000000,0.000000000,0.000000000,0.000000000
2026-04-18T06:00:09.909574+00:00,1776492009.909574032,143.212000000,0.086525768,-2.712331638,7.279439671,-1.246348515,-0.475864087,-0.000956836,0.000000000,0.000000000,0.000000000,0.000000000,0.000000000,0.000000000,0.000000000,0.000000000,0.000000000,0.000000000,0.000000000,0.000000000
2026-04-18T06:00:10.078607+00:00,1776492010.078607082,143.312000000,-0.271940736,-2.549270140,7.847541217,-1.101656609,-0.421379111,-0.024290311,0.000000000,0.000000000,0.000000000,0.000000000,0.000000000,0.000000000,0.000000000,0.000000000,0.000000000,0.000000000,0.000000000,0.000000000
2026-04-18T06:00:10.268229+00:00,1776492010.268229008,143.414000000,0.063640891,-2.193300270,7.713305970,-1.307707188,-0.483096564,0.010634422,0.000000000,0.000000000,0.000000000,0.000000000,0.000000000,0.000000000,0.000000000,0.000000000,0.000000000,0.000000000,0.000000000,0.000000000
2026-04-18T06:00:10.445626+00:00,1776492010.445626020,143.514000000,0.031807514,-2.570699943,7.435315363,-1.150158924,-0.514329377,-0.005418593,0.000000000,0.000000000,0.000000000,0.000000000,0.000000000,0.000000000,0.000000000,0.000000000,0.000000000,0.000000000,0.000000000,0.000000000
2026-04-18T06:00:10.629879+00:00,1776492010.629878998,143.614000000,-0.313956015,-2.166535359,7.578878901,-1.261647689,-0.398412706,-0.037598570,-0.345763529,0.404164584,0.143563538,-0.111488765,0.115916671,-0.032179977,-3.457635290,4.041645841,1.435635382,-1.114887652,1.159166708,-0.321799765
2026-04-18T06:00:10.865137+00:00,1776492010.865137100,143.714000000,-0.364660274,-2.325488599,7.636547680,-1.145371498,-0.374414588,0.013854355,-0.050704259,-0.158953240,0.057668779,0.116276191,0.023998118,0.051452924,-0.507042594,-1.589532401,0.576687789,1.162761913,0.239981177,0.514529245
2026-04-18T06:00:11.051413+00:00,1776492011.051413059,143.816000000,-0.020434908,-2.524044579,7.424865236,-1.173079026,-0.513607487,0.077061812,0.000000000,0.000000000,0.000000000,0.000000000,0.000000000,0.000000000,0.000000000,0.000000000,0.000000000,0.000000000,0.000000000,0.000000000
2026-04-18T06:00:11.239828+00:00,1776492011.239828110,143.916000000,-0.169026136,-2.357018555,7.603063797,-1.173479474,-0.427017999,-0.057919608,-0.148591228,0.167026024,0.178198561,-0.000400448,0.086589488,-0.134981420,-1.485912284,1.670260243,1.781985610,-0.004004482,0.865894884,-1.349814198
2026-04-18T06:00:11.434895+00:00,1776492011.434895039,144.016000000,0.098818632,-2.291222223,7.677767133,-1.237293847,-0.612508312,0.004703176,0.267844768,0.065796333,0.074703336,-0.063814373,-0.185490313,0.062622784,2.678447683,0.657963326,0.747033360,-0.638143730,-1.854903127,0.626227840
2026-04-18T06:00:11.627814+00:00,1776492011.627814054,144.116000000,-0.137715545,-2.265640069,7.501296358,-1.223165899,-0.424601493,0.049850096,0.000000000,0.000000000,0.000000000,0.000000000,0.000000000,0.000000000,0.000000000,0.000000000,0.000000000,0.000000000,0.000000000,0.000000000
2026-04-18T06:00:11.838245+00:00,1776492011.838244915,144.216000000,0.275139949,-2.470261818,7.506742877,-1.081868957,-0.362030208,0.014609772,0.412855494,-0.204621750,0.005446519,0.141296943,0.062571285,-0.035240324,4.128554940,-2.046217495,0.054465187,1.412969428,0.625712849,-0.352403243
2026-04-18T06:00:12.033618+00:00,1776492012.033617973,144.316000000,0.086413677,-2.091433226,7.675373045,-1.212548311,-0.385196072,0.086298804,-0.188726272,0.378828592,0.168630169,-0.130679354,-0.023165864,0.071689031,-1.887262720,3.788285921,1.686301689,-1.306793541,-0.231658639,0.716890314
2026-04-18T06:00:12.239484+00:00,1776492012.239484072,144.416000000,-0.497233795,-2.180530474,7.743582583,-1.220797876,-0.362555419,0.035935330,-0.583647472,-0.089097248,0.068209538,-0.008249566,0.022640653,-0.050363474,-5.836474717,-0.890972476,0.682095380,-0.082495655,0.226406526,-0.503634738
2026-04-18T06:00:12.447340+00:00,1776492012.447340012,144.516000000,-0.456162325,-2.176867349,7.823126440,-1.078584332,-0.452791468,-0.044821776,0.041071470,0.003663125,0.079543857,0.142213544,-0.090236049,-0.080757105,0.410714701,0.036631248,0.795438568,1.422135441,-0.902360493,-0.807571052
2026-04-18T06:00:12.641702+00:00,1776492012.641701937,144.618000000,-0.048768368,-2.511238217,7.419591878,-0.971375841,-0.362219327,0.005761117,0.000000000,0.000000000,0.000000000,0.000000000,0.000000000,0.000000000,0.000000000,0.000000000,0.000000000,0.000000000,0.000000000,0.000000000
2026-04-18T06:00:12.858454+00:00,1776492012.858453989,144.718000000,0.138188399,-2.406197883,7.375805972,-1.112383526,-0.442405629,-0.120778816,0.186956767,0.105040334,-0.043785905,-0.141007684,-0.080186303,-0.126539933,1.869567672,1.050403344,-0.437859053,-1.410076845,-0.801863025,-1.265399330
2026-04-18T06:00:13.056586+00:00,1776492013.056586027,144.798000000,-0.088500264,-1.961408373,7.669925887,-1.067189345,-0.495891539,0.004322136,-0.226688663,0.444789509,0.294119915,0.045194180,-0.053485909,0.125100952,-2.266886632,4.447895092,2.941199146,0.451941800,-0.534859094,1.251009521
2026-04-18T06:00:13.272441+00:00,1776492013.272440910,144.904000000,-0.282949073,-1.818767363,7.245112366,-1.231355431,-0.455658138,-0.021741481,0.000000000,0.000000000,0.000000000,0.000000000,0.000000000,0.000000000,0.000000000,0.000000000,0.000000000,0.000000000,0.000000000,0.000000000
2026-04-18T06:00:13.467690+00:00,1776492013.467689991,145.006000000,-0.099175427,-2.337598972,6.948959416,-1.227313572,-0.385607062,-0.011927086,0.000000000,0.000000000,0.000000000,0.000000000,0.000000000,0.000000000,0.000000000,0.000000000,0.000000000,0.000000000,0.000000000,0.000000000
2026-04-18T06:00:13.674568+00:00,1776492013.674567938,145.106000000,0.120121564,-2.313397303,7.302517598,-1.132446743,-0.429820562,0.007083655,0.219296991,0.024201668,0.353558182,0.094866830,-0.044213500,0.019010741,2.192969911,0.242016683,3.535581822,0.948668296,-0.442135003,0.190107413
2026-04-18T06:00:13.898461+00:00,1776492013.898461103,145.206000000,0.002315401,-2.737780418,7.452488508,-1.188611575,-0.499933648,0.019829555,-0.117806163,-0.424383114,0.149970910,-0.056164832,-0.070113086,0.012745900,-1.178061630,-4.243831142,1.499709100,-0.561648324,-0.701130857,0.127458998
2026-04-18T06:00:14.089968+00:00,1776492014.089967966,145.308000000,-0.086214991,-2.893405764,7.512645733,-1.081750624,-0.411343487,0.006481772,0.000000000,0.000000000,0.000000000,0.000000000,0.000000000,0.000000000,0.000000000,0.000000000,0.000000000,0.000000000,0.000000000,0.000000000
2026-04-18T06:00:14.290596+00:00,1776492014.290596008,145.408000000,0.069667829,-2.733604626,7.644046938,-1.102348375,-0.426174769,-0.076998101,0.155882820,0.159801138,0.131401206,-0.020597751,-0.014831282,-0.083479873,1.558828199,1.598011380,1.314012057,-0.205977510,-0.148312825,-0.834798727
2026-04-18T06:00:14.504592+00:00,1776492014.504591942,145.508000000,0.365741760,-2.479537356,7.034937084,-1.103852470,-0.498165842,0.057042335,0.000000000,0.000000000,0.000000000,0.000000000,0.000000000,0.000000000,0.000000000,0.000000000,0.000000000,0.000000000,0.000000000,0.000000000
2026-04-18T06:00:14.728546+00:00,1776492014.728545904,145.610000000,0.115319984,-2.453522683,7.468181490,-1.203552982,-0.396454066,0.032499713,0.000000000,0.000000000,0.000000000,0.000000000,0.000000000,0.000000000,0.000000000,0.000000000,0.000000000,0.000000000,0.000000000,0.000000000
2026-04-18T06:00:14.948458+00:00,1776492014.948457956,145.710000000,-0.192272385,-2.440511318,7.967190665,-1.265921834,-0.376871190,-0.043746189,-0.307592369,0.013011365,0.499009175,-0.062368852,0.019582876,-0.076245902,-3.075923694,0.130113647,4.990091748,-0.623688520,0.195828759,-0.762459018
2026-04-18T06:00:15.140980+00:00,1776492015.140980005,145.814000000,0.121807263,-2.592842905,7.468863183,-1.055662809,-0.362481134,-0.019658480,0.000000000,0.000000000,0.000000000,0.000000000,0.000000000,0.000000000,0.000000000,0.000000000,0.000000000,0.000000000,0.000000000,0.000000000
2026-04-18T06:00:15.342734+00:00,1776492015.342734098,145.916000000,-0.346998222,-2.230755094,7.856370747,-1.312569097,-0.456083760,0.005965137,0.000000000,0.000000000,0.000000000,0.000000000,0.000000000,0.000000000,0.000000000,0.000000000,0.000000000,0.000000000,0.000000000,0.000000000
2026-04-18T06:00:15.560864+00:00,1776492015.560863972,146.018000000,-0.306171252,-2.737310432,7.548535438,-1.188532939,-0.462993403,0.048770127,0.000000000,0.000000000,0.000000000,0.000000000,0.000000000,0.000000000,0.000000000,0.000000000,0.000000000,0.000000000,0.000000000,0.000000000
2026-04-18T06:00:15.769180+00:00,1776492015.769180059,146.118000000,-0.105834974,-2.649259702,7.568896846,-1.164471040,-0.367097595,-0.007878037,0.200336278,0.088050731,0.020361408,0.024061900,0.095895808,-0.056648164,2.003362785,0.880507305,0.203614078,0.240618996,0.958958081,-0.566481636
2026-04-18T06:00:16.005936+00:00,1776492016.005935907,146.218000000,-0.195637679,-2.598550452,7.238103210,-1.087368193,-0.406335229,-0.047777938,-0.089802706,0.050709249,-0.330793636,0.077102846,-0.039237634,-0.039899901,-0.898027056,0.507092494,-3.307936356,0.771028464,-0.392376339,-0.398999010
2026-04-18T06:00:16.185957+00:00,1776492016.185956955,146.300000000,-0.073904677,-2.892493250,7.290820023,-1.161433435,-0.462995467,-0.028950132,0.121733003,-0.293942798,0.052716813,-0.074065241,-0.056660238,0.018827806,1.217330027,-2.939427979,0.527168125,-0.740652413,-0.566602381,0.188278059
2026-04-18T06:00:16.396918+00:00,1776492016.396918058,146.402000000,0.415105342,-2.642407436,7.504751649,-1.123360367,-0.420990240,-0.004176886,0.000000000,0.000000000,0.000000000,0.000000000,0.000000000,0.000000000,0.000000000,0.000000000,0.000000000,0.000000000,0.000000000,0.000000000
2026-04-18T06:00:16.611915+00:00,1776492016.611915112,146.506000000,0.045823838,-2.877463084,7.388390099,-1.046677230,-0.340213838,0.000888705,0.000000000,0.000000000,0.000000000,0.000000000,0.000000000,0.000000000,0.000000000,0.000000000,0.000000000,0.000000000,0.000000000,0.000000000
2026-04-18T06:00:16.808828+00:00,1776492016.808828115,146.608000000,-0.156832689,-1.984794611,7.518311008,-1.345092575,-0.352893876,-0.003507786,0.000000000,0.000000000,0.000000000,0.000000000,0.000000000,0.000000000,0.000000000,0.000000000,0.000000000,0.000000000,0.000000000,0.000000000
2026-04-18T06:00:17.035030+00:00,1776492017.035029888,146.708000000,-0.281566251,-2.482393826,7.876986552,-1.076162675,-0.430400989,-0.046217925,-0.124733562,-0.497599215,0.358675544,0.268929900,-0.077507113,-0.042710139,-1.247335623,-4.975992152,3.586755444,2.689298999,-0.775071133,-0.427101391
2026-04-18T06:00:17.250890+00:00,1776492017.250890017,146.808000000,-0.061811125,-2.604209645,7.397048109,-0.998653187,-0.352777071,-0.055665931,0.219755127,-0.121815819,-0.479938443,0.077509488,0.077623918,-0.009448006,2.197551266,-1.218158190,-4.799384433,0.775094881,0.776239184,-0.094480063
2026-04-18T06:00:17.466646+00:00,1776492017.466645956,146.908000000,-0.318462010,-1.909922292,7.297619493,-1.291345014,-0.441158255,-0.079429572,-0.256650885,0.694287353,-0.099428616,-0.292691827,-0.088381184,-0.023763640,-2.566508852,6.942873527,-0.994286160,-2.926918267,-0.883811844,-0.237636403
2026-04-18T06:00:17.664976+00:00,1776492017.664975882,147.010000000,0.033600006,-2.262567856,7.932399015,-1.162724158,-0.413354368,-0.026159109,0.000000000,0.000000000,0.000000000,0.000000000,0.000000000,0.000000000,0.000000000,0.000000000,0.000000000,0.000000000,0.000000000,0.000000000
2026-04-18T06:00:17.874033+00:00,1776492017.874032974,147.112000000,-0.411241650,-2.251581206,7.325214126,-1.111655531,-0.545573060,0.091281255,0.000000000,0.000000000,0.000000000,0.000000000,0.000000000,0.000000000,0.000000000,0.000000000,0.000000000,0.000000000,0.000000000,0.000000000
2026-04-18T06:00:18.128127+00:00,1776492018.128127098,147.212000000,0.080896813,-2.710384528,7.537376520,-1.006166666,-0.367739864,0.033951505,0.492138463,-0.458803322,0.212162393,0.105488865,0.177833196,-0.057329750,4.921384627,-4.588033219,2.121623935,1.054888652,1.778331955,-0.573297499
2026-04-18T06:00:18.329310+00:00,1776492018.329309940,147.316000000,-0.174448848,-2.538070123,7.207001220,-1.110726031,-0.440460736,0.037791022,0.000000000,0.000000000,0.000000000,0.000000000,0.000000000,0.000000000,0.000000000,0.000000000,0.000000000,0.000000000,0.000000000,0.000000000
2026-04-18T06:00:18.575781+00:00,1776492018.575781107,147.416000000,-0.412823697,-2.686212340,7.389066187,-1.111222161,-0.559834699,0.039887440,-0.238374850,-0.148142217,0.182064966,-0.000496130,-0.119373963,0.002096418,-2.383748498,-1.481422170,1.820649661,-0.004961300,-1.193739626,0.020964183
2026-04-18T06:00:18.800457+00:00,1776492018.800457001,147.516000000,-0.422705138,-2.475571763,7.297330160,-1.174024957,-0.555043635,-0.041583137,-0.009881441,0.210640577,-0.091736027,-0.062802796,0.004791063,-0.081470577,-0.098814409,2.106405772,-0.917360268,-0.628027956,0.047910633,-0.814705766
2026-04-18T06:00:19.028609+00:00,1776492019.028609037,147.616000000,0.218683252,-2.543038384,7.615238262,-1.079629184,-0.311695000,-0.008560072,0.000000000,0.000000000,0.000000000,0.000000000,0.000000000,0.000000000,0.000000000,0.000000000,0.000000000,0.000000000,0.000000000,0.000000000
2026-04-18T06:00:19.281573+00:00,1776492019.281573057,147.720000000,0.415341006,-2.388691916,7.584184141,-1.348920844,-0.398825957,0.106374943,0.000000000,0.000000000,0.000000000,0.000000000,0.000000000,0.000000000,0.000000000,0.000000000,0.000000000,0.000000000,0.000000000,0.000000000
2026-04-18T06:00:19.506524+00:00,1776492019.506524086,147.802000000,-0.004916338,-2.266492583,7.779645389,-1.124802468,-0.304988615,-0.030377263,-0.420257344,0.122199333,0.195461248,0.224118377,0.093837342,-0.136752206,-4.202573443,1.221993332,1.954612478,2.241183766,0.938373418,-1.367522062
2026-04-18T06:00:19.715870+00:00,1776492019.715869904,147.906000000,-0.008366792,-1.977126302,7.797008492,-1.336300863,-0.384907508,0.032108540,0.000000000,0.000000000,0.000000000,0.000000000,0.000000000,0.000000000,0.000000000,0.000000000,0.000000000,0.000000000,0.000000000,0.000000000
2026-04-18T06:00:19.938164+00:00,1776492019.938163996,148.008000000,0.164833614,-2.755127458,7.284712394,-1.128260807,-0.303445558,-0.053179991,0.000000000,0.000000000,0.000000000,0.000000000,0.000000000,0.000000000,0.000000000,0.000000000,0.000000000,0.000000000,0.000000000,0.000000000
2026-04-18T06:00:20.142080+00:00,1776492020.142080069,148.108000000,-0.127444335,-2.096824879,8.324072802,-1.217032999,-0.357066826,0.018968353,-0.292277949,0.658302579,1.039360408,-0.088772192,-0.053621269,0.072148345,-2.922779488,6.583025791,10.393604083,-0.887721923,-0.536212689,0.721483448
2026-04-18T06:00:20.371699+00:00,1776492020.371699095,148.208000000,-0.029861782,-2.662891171,7.552849862,-1.063558570,-0.398931733,-0.015656720,0.097582553,-0.566066292,-0.771222941,0.153474429,-0.041864906,-0.034625074,0.975825526,-5.660662916,-7.712229405,1.534744290,-0.418649065,-0.346250736
2026-04-18T06:00:20.563935+00:00,1776492020.563935041,148.308000000,0.204445338,-2.645676101,7.548473029,-1.164568086,-0.416361919,-0.005196626,0.234307120,0.017215070,-0.004376833,-0.101009516,-0.017430186,0.010460094,2.343071201,0.172150697,-0.043768329,-1.010095161,-0.174301859,0.104600939
2026-04-18T06:00:20.763084+00:00,1776492020.763083935,148.410000000,-0.391389088,-2.583595254,7.642481885,-1.242119044,-0.537036375,0.047826763,0.000000000,0.000000000,0.000000000,0.000000000,0.000000000,0.000000000,0.000000000,0.000000000,0.000000000,0.000000000,0.000000000,0.000000000
2026-04-18T06:00:20.990613+00:00,1776492020.990612984,148.510000000,0.037053781,-2.024860803,7.499050282,-1.259877163,-0.333934960,0.006885679,0.428442869,0.558734451,-0.143431603,-0.017758119,0.203101415,-0.040941084,4.284428689,5.587344509,-1.434316034,-0.177581185,2.031014147,-0.409410840
2026-04-18T06:00:21.206589+00:00,1776492021.206588984,148.612000000,-0.285847548,-2.569994842,7.173695313,-1.156331106,-0.444730827,-0.065690843,0.000000000,0.000000000,0.000000000,0.000000000,0.000000000,0.000000000,0.000000000,0.000000000,0.000000000,0.000000000,0.000000000,0.000000000
2026-04-18T06:00:21.458090+00:00,1776492021.458090067,148.712000000,-0.320034449,-2.541585231,7.449257201,-1.084168207,-0.408441569,0.004695514,-0.034186901,0.028409611,0.275561888,0.072162899,0.036289258,0.070386357,-0.341869011,0.284096110,2.755618876,0.721628991,0.362892583,0.703863568
2026-04-18T06:00:21.669905+00:00,1776492021.669904947,148.814000000,-0.282857294,-2.002221242,7.271597379,-1.302801679,-0.381660007,-0.021792510,0.000000000,0.000000000,0.000000000,0.000000000,0.000000000,0.000000000,0.000000000,0.000000000,0.000000000,0.000000000,0.000000000,0.000000000
2026-04-18T06:00:21.901520+00:00,1776492021.901520014,148.916000000,0.059349694,-2.100250257,7.720717890,-1.154403592,-0.381276128,0.008737573,0.000000000,0.000000000,0.000000000,0.000000000,0.000000000,0.000000000,0.000000000,0.000000000,0.000000000,0.000000000,0.000000000,0.000000000
2026-04-18T06:00:22.130794+00:00,1776492022.130794048,149.016000000,-0.112758905,-2.561530990,7.088690072,-0.978088897,-0.401939542,0.011389181,-0.172108599,-0.461280733,-0.632027818,0.176314695,-0.020663414,0.002651608,-1.721085989,-4.612807333,-6.320278177,1.763146948,-0.206634143,0.026516081
2026-04-18T06:00:22.353655+00:00,1776492022.353655100,149.116000000,-0.111630027,-2.114229919,7.601509389,-1.125889000,-0.469406668,0.036325846,0.000000000,0.000000000,0.000000000,0.000000000,0.000000000,0.000000000,0.000000000,0.000000000,0.000000000,0.000000000,0.000000000,0.000000000
2026-04-18T06:00:22.595099+00:00,1776492022.595098972,149.216000000,-0.688746747,-2.486652227,7.549330666,-1.028121572,-0.444199637,0.035787095,-0.577116720,-0.372422308,-0.052178723,0.097767428,0.025207031,-0.000538751,-5.771167201,-3.724223078,-0.521787230,0.977674279,0.252070313,-0.005387509
2026-04-18T06:00:22.796986+00:00,1776492022.796986103,149.318000000,-0.048564779,-2.618910177,7.454284807,-1.024232165,-0.403400746,0.081931410,0.000000000,0.000000000,0.000000000,0.000000000,0.000000000,0.000000000,0.000000000,0.000000000,0.000000000,0.000000000,0.000000000,0.000000000
2026-04-18T06:00:23.017832+00:00,1776492023.017832041,149.418000000,0.147619225,-1.871653592,7.660602271,-1.280196815,-0.321299213,0.009499740,0.196184003,0.747256585,0.206317465,-0.255964650,0.082101533,-0.072431670,1.961840035,7.472565849,2.063174645,-2.559646497,0.821015332,-0.724316697
2026-04-18T06:00:23.227276+00:00,1776492023.227276087,149.520000000,0.017977109,-1.778616925,7.374597080,-1.216532694,-0.390021777,0.027974862,0.000000000,0.000000000,0.000000000,0.000000000,0.000000000,0.000000000,0.000000000,0.000000000,0.000000000,0.000000000,0.000000000,0.000000000
2026-04-18T06:00:23.452203+00:00,1776492023.452203035,149.604000000,-0.038040206,-2.146299477,7.897747511,-1.167513731,-0.369733465,0.011679809,-0.056017314,-0.367682552,0.523150431,0.049018962,0.020288311,-0.016295053,-0.560173145,-3.676825524,5.231504309,0.490189624,0.202883114,-0.162950533
2026-04-18T06:00:23.687484+00:00,1776492023.687484026,149.704000000,0.049630866,-2.267592403,7.575052093,-1.229741866,-0.434838851,0.069527074,0.087671072,-0.121292926,-0.322695418,-0.062228134,-0.065105385,0.057847265,0.876710723,-1.212929261,-3.226954184,-0.622281342,-0.651053852,0.578472652
2026-04-18T06:00:23.907461+00:00,1776492023.907460928,149.804000000,0.193705167,-2.805898844,7.318325571,-0.984590241,-0.333566989,0.095306407,0.144074301,-0.538306441,-0.256726522,0.245151624,0.101271862,0.025779333,1.440743007,-5.383064406,-2.567265220,2.451516243,1.012718620,0.257793332
2026-04-18T06:00:24.137646+00:00,1776492024.137645960,149.906000000,-0.043570686,-2.495287707,7.663973668,-1.091668451,-0.534766296,-0.003466029,0.000000000,0.000000000,0.000000000,0.000000000,0.000000000,0.000000000,0.000000000,0.000000000,0.000000000,0.000000000,0.000000000,0.000000000
2026-04-18T06:00:24.360411+00:00,1776492024.360410929,150.006000000,-0.338282272,-2.559985476,7.507097188,-1.080248679,-0.428400995,-0.030202127,-0.294711586,-0.064697768,-0.156876480,0.011419772,0.106365301,-0.026736097,-2.947115861,-0.646977683,-1.568764797,0.114197718,1.063653008,-0.267360975
2026-04-18T06:00:24.583072+00:00,1776492024.583071947,150.106000000,-0.006755668,-2.907342012,7.735381491,-1.111260392,-0.431136981,0.028556504,0.331526604,-0.347356536,0.228284303,-0.031011713,-0.002735986,0.058758631,3.315266044,-3.473565364,2.282843025,-0.310117127,-0.027359859,0.587586313
2026-04-18T06:00:24.821474+00:00,1776492024.821474075,150.208000000,0.019621559,-2.784064554,7.367226704,-1.092120368,-0.478287100,0.027770708,0.000000000,0.000000000,0.000000000,0.000000000,0.000000000,0.000000000,0.000000000,0.000000000,0.000000000,0.000000000,0.000000000,0.000000000
2026-04-18T06:00:25.027288+00:00,1776492025.027287960,150.308000000,0.259471898,-2.896383386,7.455542131,-1.013322465,-0.384244171,0.003562353,0.239850339,-0.112318832,0.088315427,0.078797903,0.094042929,-0.024208354,2.398503387,-1.123188318,0.883154272,0.787979027,0.940429294,-0.242083545
2026-04-18T06:00:25.287801+00:00,1776492025.287801027,150.410000000,0.660331418,-2.764362591,6.936264369,-1.269806934,-0.517772263,-0.004386840,0.000000000,0.000000000,0.000000000,0.000000000,0.000000000,0.000000000,0.000000000,0.000000000,0.000000000,0.000000000,0.000000000,0.000000000
2026-04-18T06:00:25.528603+00:00,1776492025.528603077,150.512000000,0.104027924,-2.582329782,7.671780979,-1.195001275,-0.520530543,0.079646677,0.000000000,0.000000000,0.000000000,0.000000000,0.000000000,0.000000000,0.000000000,0.000000000,0.000000000,0.000000000,0.000000000,0.000000000
2026-04-18T06:00:25.757025+00:00,1776492025.757025003,150.614000000,-0.037540288,-2.203237090,7.862400205,-1.154102083,-0.508602928,-0.001523700,0.000000000,0.000000000,0.000000000,0.000000000,0.000000000,0.000000000,0.000000000,0.000000000,0.000000000,0.000000000,0.000000000,0.000000000
2026-04-18T06:00:25.990052+00:00,1776492025.990051985,150.718000000,0.458966861,-2.718203058,6.795540474,-1.134297924,-0.373762793,0.047641029,0.000000000,0.000000000,0.000000000,0.000000000,0.000000000,0.000000000,0.000000000,0.000000000,0.000000000,0.000000000,0.000000000,0.000000000
2026-04-18T06:00:26.224895+00:00,1776492026.224895000,150.818000000,-0.193764610,-2.045810053,7.536100672,-1.076020609,-0.416461734,-0.027231285,0.000000000,0.000000000,0.000000000,0.000000000,0.000000000,0.000000000,0.000000000,0.000000000,0.000000000,0.000000000,0.000000000,0.000000000
2026-04-18T06:00:26.466120+00:00,1776492026.466120005,150.918000000,-0.173904987,-2.253791353,7.467761744,-1.139501810,-0.506698268,0.010741389,0.019859623,-0.207981300,-0.068338928,-0.063481201,-0.090236534,0.037972674,0.198596227,-2.079812996,-0.683389283,-0.634812012,-0.902365336,0.379726745
2026-04-18T06:00:26.703273+00:00,1776492026.703273058,151.018000000,-0.084928726,-2.177089159,7.463025393,-1.176035211,-0.469323078,0.086099740,0.088976261,0.076702194,-0.004736351,-0.036533401,0.037375190,0.075358351,0.889762612,0.767021941,-0.047363510,-0.365334010,0.373751900,0.753583513
2026-04-18T06:00:26.916960+00:00,1776492026.916960001,151.118000000,-0.062145255,-2.791505410,7.448083366,-1.086103050,-0.476414374,0.035537247,0.022783472,-0.614416251,-0.014942026,0.089932161,-0.007091296,-0.050562493,0.227834717,-6.144162507,-0.149420264,0.899321613,-0.070912961,-0.505624934
2026-04-18T06:00:27.150042+00:00,1776492027.150042057,151.218000000,-0.549615474,-2.536780686,7.277876635,-1.159058371,-0.464516222,-0.007077749,-0.487470220,0.254724724,-0.170206731,-0.072955320,0.011898152,-0.042614996,-4.874702198,2.547247239,-1.702067311,-0.729553205,0.118981520,-0.426149955
2026-04-18T06:00:27.365124+00:00,1776492027.365123987,151.318000000,-0.051197050,-2.598351538,8.128441866,-1.137611625,-0.460015373,0.052018260,0.000000000,0.000000000,0.000000000,0.000000000,0.000000000,0.000000000,0.000000000,0.000000000,0.000000000,0.000000000,0.000000000,0.000000000
2026-04-18T06:00:27.578161+00:00,1776492027.578161001,151.418000000,-0.215565126,-2.553566828,7.445575498,-1.047282399,-0.462661547,0.041057477,-0.164368076,0.044784709,-0.682866368,0.090329225,-0.002646175,-0.010960783,-1.643680762,0.447847095,-6.828663678,0.903292254,-0.026461745,-0.109607828
2026-04-18T06:00:27.813562+00:00,1776492027.813561916,151.518000000,-0.504041093,-1.571646843,7.301520020,-1.189806594,-0.464956070,0.075063915,-0.288475967,0.981919985,-0.144055478,-0.142524194,-0.002294523,0.034006438,-2.884759669,9.819199854,-1.440554779,-1.425241943,-0.022945229,0.340064385
2026-04-18T06:00:28.039113+00:00,1776492028.039113045,151.618000000,-0.398244507,-2.457858172,7.932968741,-1.132521121,-0.346923115,-0.066260563,0.105796586,-0.886211329,0.631448721,0.057285473,0.118032956,-0.141324478,1.057965864,-8.862113295,6.314487208,0.572854728,1.180329556,-1.413244784
2026-04-18T06:00:28.275813+00:00,1776492028.275813103,151.700000000,-0.219186530,-2.007294584,7.594842265,-1.157494856,-0.400769993,-0.000122210,0.179057977,0.450563588,-0.338126476,-0.024973736,-0.053846878,0.066138353,1.790579770,4.505635885,-3.381264757,-0.249737356,-0.538468784,0.661383533
2026-04-18T06:00:28.495031+00:00,1776492028.495031118,151.802000000,-0.173227183,-2.527251949,7.229443679,-1.053378896,-0.649441907,0.029685817,0.000000000,0.000000000,0.000000000,0.000000000,0.000000000,0.000000000,0.000000000,0.000000000,0.000000000,0.000000000,0.000000000,0.000000000
2026-04-18T06:00:28.743378+00:00,1776492028.743377924,151.902000000,-0.424811632,-2.158110179,7.664815093,-1.134509611,-0.402887012,-0.014585185,-0.251584448,0.369141769,0.435371414,-0.081130715,0.246554895,-0.044271002,-2.515844485,3.691417693,4.353714143,-0.811307147,2.465548951,-0.442710023
2026-04-18T06:00:28.965615+00:00,1776492028.965615034,152.002000000,-0.566839879,-2.701964766,7.462364592,-1.097182771,-0.438650879,0.065904469,0.000000000,0.000000000,0.000000000,0.000000000,0.000000000,0.000000000,0.000000000,0.000000000,0.000000000,0.000000000,0.000000000,0.000000000
2026-04-18T06:00:29.194037+00:00,1776492029.194036961,152.104000000,-0.047923847,-2.654501005,7.241480818,-1.215141950,-0.458539715,0.085217622,0.000000000,0.000000000,0.000000000,0.000000000,0.000000000,0.000000000,0.000000000,0.000000000,0.000000000,0.000000000,0.000000000,0.000000000
2026-04-18T06:00:29.444910+00:00,1776492029.444910049,152.204000000,-0.000322569,-2.677162457,7.294402108,-1.120224331,-0.450661504,0.008937673,0.047601278,-0.022661452,0.052921289,0.094917619,0.007878210,-0.076279950,0.476012781,-0.226614521,0.529212891,0.949176193,0.078782104,-0.762799496
2026-04-18T06:00:29.646178+00:00,1776492029.646178007,152.304000000,-0.164090577,-2.226284700,7.148128213,-1.059868922,-0.471108302,0.016789238,-0.163768008,0.450877757,-0.146273894,0.060355409,-0.020446798,0.007851565,-1.637680081,4.508777566,-1.462738942,0.603554091,-0.204467980,0.078515651
2026-04-18T06:00:29.896899+00:00,1776492029.896898985,152.404000000,-0.378906095,-2.685004602,7.616548573,-1.075061955,-0.555325549,-0.050491872,-0.214815518,-0.458719902,0.468420360,-0.015193034,-0.084217246,-0.067281110,-2.148155178,-4.587199023,4.684203600,-0.151930335,-0.842172464,-0.672811100
2026-04-18T06:00:30.123012+00:00,1776492030.123012066,152.508000000,-0.064091925,-2.010173917,7.592925733,-1.220492545,-0.344923607,-0.140277421,0.000000000,0.000000000,0.000000000,0.000000000,0.000000000,0.000000000,0.000000000,0.000000000,0.000000000,0.000000000,0.000000000,0.000000000
2026-04-18T06:00:30.365798+00:00,1776492030.365797997,152.608000000,0.122949217,-2.662508062,7.361016270,-1.157038891,-0.358937194,-0.014687880,0.187041141,-0.652334144,-0.231909462,0.063453654,-0.014013587,0.125589541,1.870411413,-6.523341444,-2.319094624,0.634536540,-0.140135869,1.255895412
2026-04-18T06:00:30.617099+00:00,1776492030.617099047,152.710000000,-0.191536839,-2.620777231,7.436478490,-1.147668138,-0.445951220,0.144618408,0.000000000,0.000000000,0.000000000,0.000000000,0.000000000,0.000000000,0.000000000,0.000000000,0.000000000,0.000000000,0.000000000,0.000000000
2026-04-18T06:00:30.808903+00:00,1776492030.808902979,152.814000000,0.014658292,-2.593701910,7.660941416,-1.016104564,-0.325466944,0.038714220,0.000000000,0.000000000,0.000000000,0.000000000,0.000000000,0.000000000,0.000000000,0.000000000,0.000000000,0.000000000,0.000000000,0.000000000
2026-04-18T06:00:31.043584+00:00,1776492031.043584108,152.916000000,-0.149975157,-2.606575697,7.368328710,-1.061295784,-0.471932838,-0.024789535,0.000000000,0.000000000,0.000000000,0.000000000,0.000000000,0.000000000,0.000000000,0.000000000,0.000000000,0.000000000,0.000000000,0.000000000
2026-04-18T06:00:31.273605+00:00,1776492031.273605108,153.018000000,0.230260925,-2.472294602,7.062524844,-1.113136607,-0.367019580,0.040016170,0.000000000,0.000000000,0.000000000,0.000000000,0.000000000,0.000000000,0.000000000,0.000000000,0.000000000,0.000000000,0.000000000,0.000000000
2026-04-18T06:00:31.508501+00:00,1776492031.508501053,153.118000000,-0.388733685,-2.500015916,7.576962553,-1.052772765,-0.335394751,-0.108352184,-0.618994610,-0.027721314,0.514437708,0.060363842,0.031624828,-0.148368354,-6.189946103,-0.277213141,5.144377084,0.603638420,0.316248283,-1.483683540
2026-04-18T06:00:31.742176+00:00,1776492031.742176056,153.218000000,-0.007332281,-2.472705576,7.347182545,-1.146092457,-0.384826916,0.025804661,0.381401405,0.027310340,-0.229780008,-0.093319692,-0.049432164,0.134156846,3.814014045,0.273103397,-2.297800078,-0.933196924,-0.494321643,1.341568455
2026-04-18T06:00:31.984063+00:00,1776492031.984062910,153.318000000,-0.097212253,-2.599508582,7.669076649,-1.060632253,-0.340921956,-0.010532114,0.000000000,0.000000000,0.000000000,0.000000000,0.000000000,0.000000000,0.000000000,0.000000000,0.000000000,0.000000000,0.000000000,0.000000000
2026-04-18T06:00:32.209071+00:00,1776492032.209070921,153.418000000,-0.216686240,-2.266748398,6.993972868,-1.082092753,-0.424655525,0.017359865,-0.119473987,0.332760185,-0.675103781,-0.021460500,-0.083733569,0.027891979,-1.194739874,3.327601848,-6.751037811,-0.214605001,-0.837335687,0.278919791
2026-04-18T06:00:32.450791+00:00,1776492032.450790882,153.518000000,0.352584021,-2.264838027,7.660377774,-1.014408393,-0.466339994,-0.108156206,0.569270261,0.001910371,0.666404906,0.067684361,-0.041684470,-0.125516072,5.692702607,0.019103705,6.664049060,0.676843608,-0.416844696,-1.255160717
2026-04-18T06:00:32.697514+00:00,1776492032.697514057,153.620000000,-0.442622500,-2.574065639,7.310258996,-1.170672456,-0.472118030,-0.034909387,0.000000000,0.000000000,0.000000000,0.000000000,0.000000000,0.000000000,0.000000000,0.000000000,0.000000000,0.000000000,0.000000000,0.000000000
2026-04-18T06:00:32.945861+00:00,1776492032.945861101,153.704000000,-0.209537459,-2.066150172,7.154951761,-1.065582126,-0.445627952,0.028091734,0.233085042,0.507915467,-0.155307235,0.105090330,0.026490078,0.063001120,2.330850417,5.079154667,-1.553072353,1.050903304,0.264900781,0.630011204
2026-04-18T06:00:33.143934+00:00,1776492033.143934011,153.806000000,0.039276841,-2.483660261,7.098882959,-1.129391271,-0.349992442,0.062405103,0.000000000,0.000000000,0.000000000,0.000000000,0.000000000,0.000000000,0.000000000,0.000000000,0.000000000,0.000000000,0.000000000,0.000000000
2026-04-18T06:00:33.374368+00:00,1776492033.374367952,153.908000000,-0.024807372,-2.413333792,7.898933363,-1.063278749,-0.408143348,-0.093556874,0.000000000,0.000000000,0.000000000,0.000000000,0.000000000,0.000000000,0.000000000,0.000000000,0.000000000,0.000000000,0.000000000,0.000000000
2026-04-18T06:00:33.587139+00:00,1776492033.587138891,154.008000000,-0.243576979,-2.426791345,7.809290999,-1.182423774,-0.404610040,-0.011532802,0.000000000,0.000000000,0.000000000,0.000000000,0.000000000,0.000000000,0.000000000,0.000000000,0.000000000,0.000000000,0.000000000,0.000000000
2026-04-18T06:00:33.806887+00:00,1776492033.806886911,154.108000000,-0.376396373,-2.457220051,7.438065597,-1.139307015,-0.582143536,-0.044222649,-0.132819394,-0.030428705,-0.371225402,0.043116759,-0.177533496,-0.032689847,-1.328193939,-0.304287053,-3.712254022,0.431167591,-1.775334957,-0.326898469
2026-04-18T06:00:34.026436+00:00,1776492034.026436090,154.208000000,-0.310986666,-2.407803307,7.712608965,-1.184589091,-0.438923597,0.011550527,0.065409707,0.049416743,0.274543368,-0.045282077,0.143219938,0.055773176,0.654097068,0.494167433,2.745433678,-0.452820768,1.432199383,0.557731761
2026-04-18T06:00:34.226449+00:00,1776492034.226449013,154.308000000,-0.082652687,-2.096916186,7.684269661,-1.114831502,-0.419053321,0.001292283,0.228333979,0.310887121,-0.028339304,0.069757589,0.019870277,-0.010258244,2.283339792,3.108871212,-0.283393044,0.697575893,0.198702767,-0.102582441
2026-04-18T06:00:34.432536+00:00,1776492034.432535887,154.408000000,0.089864659,-2.652150715,7.093593242,-0.991688213,-0.333152051,-0.050192706,0.172517346,-0.555234529,-0.590676419,0.123143290,0.085901270,-0.051484988,1.725173462,-5.552345287,-5.906764189,1.231432895,0.859012696,-0.514849885
2026-04-18T06:00:34.656385+00:00,1776492034.656384945,154.508000000,-0.034135099,-2.491240540,7.600270547,-1.115650033,-0.352330677,0.031700940,0.000000000,0.000000000,0.000000000,0.000000000,0.000000000,0.000000000,0.000000000,0.000000000,0.000000000,0.000000000,0.000000000,0.000000000
2026-04-18T06:00:34.889819+00:00,1776492034.889818907,154.610000000,-0.133672965,-2.682731780,7.338353890,-1.071668608,-0.431936521,0.020847128,0.000000000,0.000000000,0.000000000,0.000000000,0.000000000,0.000000000,0.000000000,0.000000000,0.000000000,0.000000000,0.000000000,0.000000000
2026-04-18T06:00:35.151799+00:00,1776492035.151798964,154.714000000,0.307695504,-2.559598172,7.861998274,-1.088078141,-0.463930120,0.022746127,0.000000000,0.000000000,0.000000000,0.000000000,0.000000000,0.000000000,0.000000000,0.000000000,0.000000000,0.000000000,0.000000000,0.000000000
2026-04-18T06:00:35.360866+00:00,1776492035.360866070,154.814000000,0.180272531,-2.583516972,7.567259215,-1.071388110,-0.309533784,0.118426899,-0.127422973,-0.023918801,-0.294739059,0.016690032,0.154396336,0.095680773,-1.274229731,-0.239188008,-2.947390592,0.166900319,1.543963355,0.956807725
2026-04-18T06:00:35.611054+00:00,1776492035.611053944,154.914000000,0.241588439,-2.262264334,7.570386985,-1.117425504,-0.516361850,0.019271847,0.061315908,0.321252639,0.003127770,-0.046037395,-0.206828066,-0.099155052,0.613159079,3.212526386,0.031277700,-0.460373948,-2.068280657,-0.991550517
2026-04-18T06:00:35.860228+00:00,1776492035.860228062,155.014000000,-0.264236451,-2.307659702,7.555144432,-1.003437281,-0.375099260,-0.043117963,0.000000000,0.000000000,0.000000000,0.000000000,0.000000000,0.000000000,0.000000000,0.000000000,0.000000000,0.000000000,0.000000000,0.000000000
2026-04-18T06:00:36.086076+00:00,1776492036.086076021,155.118000000,0.066546810,-2.721578067,7.575359220,-1.071424965,-0.349181692,-0.059113768,0.000000000,0.000000000,0.000000000,0.000000000,0.000000000,0.000000000,0.000000000,0.000000000,0.000000000,0.000000000,0.000000000,0.000000000
2026-04-18T06:00:36.334735+00:00,1776492036.334734917,155.218000000,0.213867902,-2.491956461,7.453869560,-1.125245290,-0.458928411,-0.051770451,0.147321092,0.229621606,-0.121489659,-0.053820325,-0.109746720,0.007343317,1.473210920,2.296216062,-1.214896595,-0.538203249,-1.097467195,0.073433173
2026-04-18T06:00:36.549452+00:00,1776492036.549452066,155.318000000,-0.230608175,-2.682207363,7.413410003,-1.040955580,-0.492075701,-0.037876462,0.000000000,0.000000000,0.000000000,0.000000000,0.000000000,0.000000000,0.000000000,0.000000000,0.000000000,0.000000000,0.000000000,0.000000000
2026-04-18T06:00:36.791481+00:00,1776492036.791481018,155.418000000,-0.247416634,-2.444944753,7.902256192,-1.069225685,-0.428151838,-0.004760714,-0.016808459,0.237262610,0.488846189,-0.028270106,0.063923863,0.033115748,-0.168084590,2.372626099,4.888461890,-0.282701056,0.639238632,0.331157479
2026-04-18T06:00:37.028511+00:00,1776492037.028511047,155.520000000,0.086403976,-2.060619003,7.407336351,-0.992286259,-0.343918292,0.015743462,0.000000000,0.000000000,0.000000000,0.000000000,0.000000000,0.000000000,0.000000000,0.000000000,0.000000000,0.000000000,0.000000000,0.000000000
2026-04-18T06:00:37.258946+00:00,1776492037.258945942,155.604000000,-0.285191371,-2.290539124,7.835309767,-1.124020806,-0.341192172,-0.046913525,-0.371595347,-0.229920122,0.427973416,-0.131734547,0.002726120,-0.062656987,-3.715953471,-2.299201218,4.279734162,-1.317345475,0.027261202,-0.626569865
2026-04-18T06:00:37.502113+00:00,1776492037.502113104,155.706000000,0.051200194,-2.576324944,7.989628142,-1.038757888,-0.266035685,0.014838140,0.000000000,0.000000000,0.000000000,0.000000000,0.000000000,0.000000000,0.000000000,0.000000000,0.000000000,0.000000000,0.000000000,0.000000000
2026-04-18T06:00:37.703044+00:00,1776492037.703043938,155.808000000,0.411395255,-2.330840831,7.583857668,-1.143523422,-0.441087806,0.005171128,0.000000000,0.000000000,0.000000000,0.000000000,0.000000000,0.000000000,0.000000000,0.000000000,0.000000000,0.000000000,0.000000000,0.000000000
2026-04-18T06:00:37.938126+00:00,1776492037.938126087,155.908000000,-0.152359437,-1.916251866,7.627398947,-1.229009884,-0.330013620,-0.001992695,-0.563754692,0.414588964,0.043541279,-0.085486461,0.111074186,-0.007163822,-5.637546924,4.145889643,0.435412787,-0.854864614,1.110741862,-0.071638224
2026-04-18T06:00:38.174509+00:00,1776492038.174509048,156.008000000,0.214239468,-2.555330733,7.317237815,-1.218655916,-0.370480226,0.052808834,0.000000000,0.000000000,0.000000000,0.000000000,0.000000000,0.000000000,0.000000000,0.000000000,0.000000000,0.000000000,0.000000000,0.000000000
2026-04-18T06:00:38.392136+00:00,1776492038.392136097,156.108000000,-0.283163481,-2.402278830,7.650431377,-1.022163240,-0.431586994,-0.007234576,-0.497402949,0.153051904,0.333193562,0.196492676,-0.061106768,-0.060043410,-4.974029491,1.530519039,3.331935621,1.964926759,-0.611067677,-0.600434097
2026-04-18T06:00:38.625806+00:00,1776492038.625806093,156.208000000,-0.318523891,-2.118439242,7.312062898,-1.131626366,-0.520733728,0.096809414,-0.035360410,0.283839588,-0.338368479,-0.109463126,-0.089146734,0.104043990,-0.353604101,2.838395876,-3.383684788,-1.094631263,-0.891467339,1.040439897
2026-04-18T06:00:38.852412+00:00,1776492038.852411985,156.312000000,0.171747735,-2.339920782,7.427587467,-1.077340387,-0.413299625,-0.050269121,0.000000000,0.000000000,0.000000000,0.000000000,0.000000000,0.000000000,0.000000000,0.000000000,0.000000000,0.000000000,0.000000000,0.000000000
2026-04-18T06:00:39.096441+00:00,1776492039.096441031,156.412000000,0.600518410,-7.231634449,19.290902983,0.147811537,-0.060850992,0.011344826,0.428770675,-4.891713666,11.863315516,1.225151924,0.352448633,0.061613947,4.287706751,-48.917136662,118.633155160,12.251519243,3.524486326,0.616139474
2026-04-18T06:00:39.352201+00:00,1776492039.352200985,156.512000000,0.526630501,-7.539051970,19.427005563,0.056830969,0.002554688,-0.060564110,-0.073887909,-0.307417521,0.136102580,-0.090980568,0.063405680,-0.071908937,-0.738879093,-3.074175209,1.361025801,-0.909805677,0.634056796,-0.719089365
2026-04-18T06:00:39.581297+00:00,1776492039.581296921,156.612000000,0.468416256,-7.205318773,19.376988847,0.096974765,-0.112641773,0.033931296,-0.058214245,0.333733196,-0.050016716,0.040143796,-0.115196461,0.094495406,-0.582142446,3.337331961,-0.500167159,0.401437960,-1.151964607,0.944954062
2026-04-18T06:00:39.837811+00:00,1776492039.837810993,156.714000000,0.023486344,-7.549960826,18.936227133,0.111584923,-0.110528213,-0.015435504,0.000000000,0.000000000,0.000000000,0.000000000,0.000000000,0.000000000,0.000000000,0.000000000,0.000000000,0.000000000,0.000000000,0.000000000
2026-04-18T06:00:40.061216+00:00,1776492040.061216116,156.814000000,0.448560505,-7.410125457,19.262305140,-0.019941227,-0.010591341,0.087060081,0.425074161,0.139835368,0.326078008,-0.131526150,0.099936872,0.102495584,4.250741607,1.398353684,3.260780080,-1.315261502,0.999368724,1.024955843
2026-04-18T06:00:40.313652+00:00,1776492040.313652039,156.914000000,0.297195752,-6.964581056,19.211321944,0.077027475,-0.135870861,-0.041992187,-0.151364753,0.445544402,-0.050983197,0.096968702,-0.125279520,-0.129052268,-1.513647528,4.455444017,-0.509831965,0.969687022,-1.252795200,-1.290522680
2026-04-18T06:00:40.557179+00:00,1776492040.557178974,157.014000000,0.321431402,-7.519656739,19.201028603,0.014636916,-0.229646281,-0.004111214,0.000000000,0.000000000,0.000000000,0.000000000,0.000000000,0.000000000,0.000000000,0.000000000,0.000000000,0.000000000,0.000000000,0.000000000
2026-04-18T06:00:40.783188+00:00,1776492040.783188105,157.120000000,0.004508620,-7.267890322,19.099226149,0.137241796,-0.113981731,-0.030388261,0.000000000,0.000000000,0.000000000,0.000000000,0.000000000,0.000000000,0.000000000,0.000000000,0.000000000,0.000000000,0.000000000,0.000000000
2026-04-18T06:00:41.017242+00:00,1776492041.017241955,157.206000000,0.228854259,-7.270771754,19.371918318,0.102282255,-0.133572354,0.025431078,0.224345639,-0.002881431,0.272692169,-0.034959541,-0.019590623,0.055819339,2.243456394,-0.028814315,2.726921688,-0.349595410,-0.195906229,0.558193395
2026-04-18T06:00:41.213426+00:00,1776492041.213426113,157.308000000,0.168925766,-7.218612989,19.030808519,0.090036808,-0.023039967,-0.019953743,0.000000000,0.000000000,0.000000000,0.000000000,0.000000000,0.000000000,0.000000000,0.000000000,0.000000000,0.000000000,0.000000000,0.000000000
2026-04-18T06:00:41.441361+00:00,1776492041.441360950,157.408000000,0.448824456,-7.208644635,19.236153640,0.014762162,-0.081655071,-0.036610401,0.279898690,0.009968355,0.205345121,-0.075274646,-0.058615105,-0.016656658,2.798986905,0.099683547,2.053451212,-0.752746462,-0.586151048,-0.166566579
2026-04-18T06:00:41.656337+00:00,1776492041.656337023,157.508000000,0.697498376,-7.553160457,19.330336884,0.158461978,-0.065441953,0.011680585,0.000000000,0.000000000,0.000000000,0.000000000,0.000000000,0.000000000,0.000000000,0.000000000,0.000000000,0.000000000,0.000000000,0.000000000
2026-04-18T06:00:41.873150+00:00,1776492041.873150110,157.610000000,0.051286566,-7.573059974,19.046230147,0.092657450,-0.209160187,-0.004226672,0.000000000,0.000000000,0.000000000,0.000000000,0.000000000,0.000000000,0.000000000,0.000000000,0.000000000,0.000000000,0.000000000,0.000000000
2026-04-18T06:00:42.110037+00:00,1776492042.110037088,157.710000000,0.535858889,-7.412962451,19.269767112,0.106382901,-0.247376651,0.057842630,0.484572323,0.160097523,0.223536965,0.013725450,-0.038216464,0.062069302,4.845723225,1.600975230,2.235369646,0.137254502,-0.382164640,0.620693020
2026-04-18T06:00:42.339037+00:00,1776492042.339036942,157.810000000,0.421937473,-7.402291004,18.757760501,0.075094294,-0.066456870,-0.011786994,-0.113921416,0.010671447,-0.512006611,-0.031288606,0.180919780,-0.069629624,-1.139214161,0.106714467,-5.120066110,-0.312886064,1.809197804,-0.696296237
2026-04-18T06:00:42.565338+00:00,1776492042.565337896,157.912000000,0.649101187,-7.447616724,18.839888840,0.051012048,-0.064270054,-0.008717699,0.000000000,0.000000000,0.000000000,0.000000000,0.000000000,0.000000000,0.000000000,0.000000000,0.000000000,0.000000000,0.000000000,0.000000000
2026-04-18T06:00:42.762366+00:00,1776492042.762366056,158.014000000,-0.032965717,-7.447988647,19.198038249,0.105850372,-0.195879780,-0.073913913,0.000000000,0.000000000,0.000000000,0.000000000,0.000000000,0.000000000,0.000000000,0.000000000,0.000000000,0.000000000,0.000000000,0.000000000
2026-04-18T06:00:42.973870+00:00,1776492042.973870039,158.114000000,0.289899991,-7.626739585,19.319365336,0.075503528,-0.134388583,-0.003229849,0.322865707,-0.178750938,0.121327087,-0.030346844,0.061491197,0.070684064,3.228657074,-1.787509378,1.213270875,-0.303468443,0.614911974,0.706840636
2026-04-18T06:00:43.193689+00:00,1776492043.193689108,158.214000000,0.692049396,-7.508419227,19.136400931,0.046178981,-0.165178664,-0.014929697,0.402149405,0.118320358,-0.182964405,-0.029324547,-0.030790081,-0.011699848,4.021494051,1.183203578,-1.829644047,-0.293245466,-0.307900811,-0.116998479
2026-04-18T06:00:43.387457+00:00,1776492043.387456894,158.316000000,0.225989847,-7.094559114,19.150153317,0.004586366,-0.055859143,0.006036652,0.000000000,0.000000000,0.000000000,0.000000000,0.000000000,0.000000000,0.000000000,0.000000000,0.000000000,0.000000000,0.000000000,0.000000000
2026-04-18T06:00:43.612394+00:00,1776492043.612394094,158.418000000,0.330993772,-7.743266734,19.244844377,0.113433864,-0.206444372,0.109230182,0.000000000,0.000000000,0.000000000,0.000000000,0.000000000,0.000000000,0.000000000,0.000000000,0.000000000,0.000000000,0.000000000,0.000000000
2026-04-18T06:00:43.821946+00:00,1776492043.821945906,158.518000000,0.318257399,-7.744674861,19.234692285,0.089476172,-0.164515230,0.007929600,-0.012736373,-0.001408126,-0.010152092,-0.023957692,0.041929141,-0.101300582,-0.127363728,-0.014081261,-0.101520920,-0.239576919,0.419291412,-1.013005822
2026-04-18T06:00:44.047041+00:00,1776492044.047040939,158.618000000,0.050578225,-7.241908876,19.521006432,0.131465793,-0.229535732,-0.008709458,-0.267679175,0.502765984,0.286314147,0.041989620,-0.065020501,-0.016639058,-2.676791745,5.027659841,2.863141473,0.419896204,-0.650205011,-0.166390579
2026-04-18T06:00:44.269499+00:00,1776492044.269499063,158.718000000,0.099301522,-7.412755590,18.988269260,0.016883396,-0.211684467,-0.039275604,0.048723298,-0.170846714,-0.532737172,-0.114582397,0.017851265,-0.030566146,0.487232975,-1.708467138,-5.327371725,-1.145823972,0.178512650,-0.305661460
2026-04-18T06:00:44.463122+00:00,1776492044.463121891,158.818000000,0.797445441,-7.670385163,19.151343330,0.101856737,-0.168474302,-0.043643051,0.000000000,0.000000000,0.000000000,0.000000000,0.000000000,0.000000000,0.000000000,0.000000000,0.000000000,0.000000000,0.000000000,0.000000000
2026-04-18T06:00:44.685798+00:00,1776492044.685797930,158.918000000,0.885492163,-7.118851537,16.173466101,0.094179154,0.034134105,0.003713064,0.088046721,0.551533626,-2.977877230,-0.007677583,0.202608407,0.047356116,0.880467213,5.515336256,-29.778772296,-0.076775826,2.026084068,0.473561160
2026-04-18T06:00:44.885375+00:00,1776492044.885375023,159.018000000,0.808462270,-7.221870742,16.331767332,0.053144956,0.015512453,-0.075174926,-0.077029893,-0.103019205,0.158301232,-0.041034199,-0.018621652,-0.078887991,-0.770298928,-1.030192053,1.583012318,-0.410341985,-0.186216524,-0.788879906
2026-04-18T06:00:45.088121+00:00,1776492045.088120937,159.120000000,-0.884963302,-0.826392104,9.323792362,-2.084224406,-0.842203802,-0.015971437,0.000000000,0.000000000,0.000000000,0.000000000,0.000000000,0.000000000,0.000000000,0.000000000,0.000000000,0.000000000,0.000000000,0.000000000
2026-04-18T06:00:45.301792+00:00,1776492045.301791906,159.202000000,-0.252866393,-2.087765638,7.482149919,-1.119474296,-0.472539760,0.041540461,0.632096909,-1.261373535,-1.841642444,0.964750110,0.369664042,0.057511898,6.320969092,-12.613735345,-18.416424438,9.647501095,3.696640419,0.575118976
2026-04-18T06:00:45.471423+00:00,1776492045.471422911,159.304000000,-0.143960644,-2.466564669,7.673974168,-1.125684244,-0.438093612,-0.088027239,0.000000000,0.000000000,0.000000000,0.000000000,0.000000000,0.000000000,0.000000000,0.000000000,0.000000000,0.000000000,0.000000000,0.000000000
2026-04-18T06:00:45.665069+00:00,1776492045.665069103,159.406000000,-0.484953821,-2.108317679,7.743446248,-1.215094281,-0.653730040,0.000570393,0.000000000,0.000000000,0.000000000,0.000000000,0.000000000,0.000000000,0.000000000,0.000000000,0.000000000,0.000000000,0.000000000,0.000000000
2026-04-18T06:00:45.851721+00:00,1776492045.851721048,159.506000000,-0.235053966,-2.390147662,7.227602973,-1.288553097,-0.500476451,0.037471963,0.249899855,-0.281829983,-0.515843274,-0.073458816,0.153253589,0.036901570,2.498998550,-2.818299835,-5.158432742,-0.734588158,1.532535895,0.369015701
2026-04-18T06:00:46.050459+00:00,1776492046.050458908,159.610000000,-0.253636547,-2.506714857,7.995447184,-1.264117064,-0.438322406,0.044717733,0.000000000,0.000000000,0.000000000,0.000000000,0.000000000,0.000000000,0.000000000,0.000000000,0.000000000,0.000000000,0.000000000,0.000000000
2026-04-18T06:00:46.259852+00:00,1776492046.259851933,159.710000000,-0.078464036,-2.041510057,7.401741099,-1.187140364,-0.442468919,0.023211473,0.175172511,0.465204800,-0.593706085,0.076976700,-0.004146513,-0.021506261,1.751725107,4.652048000,-5.937060848,0.769767001,-0.041465129,-0.215062608
2026-04-18T06:00:46.414704+00:00,1776492046.414704084,159.810000000,-0.179068483,-1.811285939,7.465438887,-1.200393515,-0.616799689,-0.044699822,-0.100604447,0.230224118,0.063697788,-0.013253151,-0.174330770,-0.067911295,-1.006044473,2.302241180,0.636977883,-0.132531510,-1.743307700,-0.679112949
2026-04-18T06:00:46.602167+00:00,1776492046.602166891,159.912000000,-0.784949341,-1.965374465,8.034904019,-1.148823751,-0.469343132,-0.026823685,0.000000000,0.000000000,0.000000000,0.000000000,0.000000000,0.000000000,0.000000000,0.000000000,0.000000000,0.000000000,0.000000000,0.000000000
2026-04-18T06:00:46.797960+00:00,1776492046.797960043,160.014000000,0.179610269,-2.144146625,7.336772255,-1.230580412,-0.485031935,0.059462653,0.000000000,0.000000000,0.000000000,0.000000000,0.000000000,0.000000000,0.000000000,0.000000000,0.000000000,0.000000000,0.000000000,0.000000000
2026-04-18T06:00:46.990230+00:00,1776492046.990230083,160.116000000,-0.383456944,-2.187300665,7.671618999,-1.242366766,-0.346916447,-0.037519244,0.000000000,0.000000000,0.000000000,0.000000000,0.000000000,0.000000000,0.000000000,0.000000000,0.000000000,0.000000000,0.000000000,0.000000000
2026-04-18T06:00:47.169735+00:00,1776492047.169734955,160.216000000,0.163815423,-2.441308972,7.620672774,-1.215727064,-0.511410064,-0.037828356,0.547272367,-0.254008307,-0.050946225,0.026639702,-0.164493618,-0.000309112,5.472723668,-2.540083069,-0.509462252,0.266397022,-1.644936175,-0.003091116
2026-04-18T06:00:47.344042+00:00,1776492047.344042063,160.316000000,0.097766689,-2.009619119,7.684192770,-1.225834948,-0.609212183,-0.026731934,-0.066048734,0.431689852,0.063519997,-0.010107884,-0.097802119,0.011096422,-0.660487338,4.316898523,0.635199965,-0.101078837,-0.978021193,0.110964219
2026-04-18T06:00:47.542794+00:00,1776492047.542793989,160.416000000,-0.331020897,-2.174978425,7.703540655,-1.234221889,-0.536370277,-0.000783203,-0.428787586,-0.165359306,0.019347885,-0.008386941,0.072841906,0.025948731,-4.287875863,-1.653593056,0.193478848,-0.083869411,0.728419059,0.259487308
2026-04-18T06:00:47.730315+00:00,1776492047.730314970,160.516000000,-0.108431909,-2.339398977,7.528171047,-1.260001747,-0.454019343,0.026017064,0.222588987,-0.164420553,-0.175369608,-0.025779859,0.082350935,0.026800267,2.225889875,-1.644205526,-1.753696083,-0.257798585,0.823509349,0.268002670
2026-04-18T06:00:47.924921+00:00,1776492047.924921036,160.618000000,-0.147197223,-1.852166023,8.012859996,-1.152803572,-0.474649799,0.029545106,0.000000000,0.000000000,0.000000000,0.000000000,0.000000000,0.000000000,0.000000000,0.000000000,0.000000000,0.000000000,0.000000000,0.000000000
2026-04-18T06:00:48.132481+00:00,1776492048.132481098,160.720000000,-0.054591907,-2.738043031,7.309214383,-1.155293144,-0.468323354,-0.056847071,0.000000000,0.000000000,0.000000000,0.000000000,0.000000000,0.000000000,0.000000000,0.000000000,0.000000000,0.000000000,0.000000000,0.000000000
2026-04-18T06:00:48.310741+00:00,1776492048.310740948,160.800000000,-0.437285526,-2.234184501,7.901640836,-1.245466160,-0.524493041,-0.013458945,-0.382693620,0.503858531,0.592426453,-0.090173016,-0.056169687,0.043388126,-3.826936195,5.038585308,5.924264531,-0.901730159,-0.561696869,0.433881255
2026-04-18T06:00:48.505565+00:00,1776492048.505564928,160.902000000,-0.040515889,-1.791470448,7.373802244,-1.227443773,-0.448410896,-0.046820727,0.000000000,0.000000000,0.000000000,0.000000000,0.000000000,0.000000000,0.000000000,0.000000000,0.000000000,0.000000000,0.000000000,0.000000000
2026-04-18T06:00:48.732515+00:00,1776492048.732515097,161.008000000,-0.068222401,-2.211552992,7.859651569,-1.166158095,-0.427571943,0.075053980,0.000000000,0.000000000,0.000000000,0.000000000,0.000000000,0.000000000,0.000000000,0.000000000,0.000000000,0.000000000,0.000000000,0.000000000
2026-04-18T06:00:48.931790+00:00,1776492048.931790113,161.112000000,-0.018813340,-2.562851975,7.274189736,-1.059340723,-0.443805402,0.015444699,0.000000000,0.000000000,0.000000000,0.000000000,0.000000000,0.000000000,0.000000000,0.000000000,0.000000000,0.000000000,0.000000000,0.000000000
2026-04-18T06:00:49.147370+00:00,1776492049.147370100,161.214000000,-0.072450060,-2.434048207,7.436385718,-1.124459708,-0.401534922,-0.000525630,0.000000000,0.000000000,0.000000000,0.000000000,0.000000000,0.000000000,0.000000000,0.000000000,0.000000000,0.000000000,0.000000000,0.000000000
2026-04-18T06:00:49.359504+00:00,1776492049.359503984,161.314000000,0.118025511,-2.133716952,7.257252302,-1.306312419,-0.516322866,0.026405317,0.190475570,0.300331255,-0.179133416,-0.181852711,-0.114787944,0.026930947,1.904755704,3.003312553,-1.791334155,-1.818527111,-1.147879439,0.269309474
2026-04-18T06:00:49.577270+00:00,1776492049.577270031,161.414000000,-0.266206387,-2.399753398,7.474124315,-1.300884442,-0.508837495,-0.004060153,-0.384231898,-0.266036446,0.216872013,0.005427977,0.007485372,-0.030465470,-3.842318977,-2.660364463,2.168720130,0.054279775,0.074853716,-0.304654704
2026-04-18T06:00:49.803689+00:00,1776492049.803689003,161.514000000,-0.216508024,-2.404127728,7.313106424,-1.150255669,-0.488903168,0.023697717,0.000000000,0.000000000,0.000000000,0.000000000,0.000000000,0.000000000,0.000000000,0.000000000,0.000000000,0.000000000,0.000000000,0.000000000
2026-04-18T06:00:50.035336+00:00,1776492050.035336018,161.618000000,-0.139486857,-2.203822304,7.272343743,-1.214805897,-0.470016423,-0.020720340,0.000000000,0.000000000,0.000000000,0.000000000,0.000000000,0.000000000,0.000000000,0.000000000,0.000000000,0.000000000,0.000000000,0.000000000
2026-04-18T06:00:50.292800+00:00,1776492050.292799950,161.718000000,0.046171599,-2.467273723,7.656214697,-1.160431990,-0.327071593,0.090611408,0.185658456,-0.263451420,0.383870953,0.054373908,0.142944830,0.111331748,1.856584561,-2.634514198,3.838709534,0.543739076,1.429448296,1.113317481
2026-04-18T06:00:50.507713+00:00,1776492050.507713079,161.818000000,-0.241849799,-2.194410482,7.437278344,-1.214894207,-0.474947983,0.085716178,0.000000000,0.000000000,0.000000000,0.000000000,0.000000000,0.000000000,0.000000000,0.000000000,0.000000000,0.000000000,0.000000000,0.000000000
2026-04-18T06:00:50.750450+00:00,1776492050.750449896,161.920000000,0.170989577,-2.405142233,7.069726588,-1.204467841,-0.486088830,-0.006282963,0.000000000,0.000000000,0.000000000,0.000000000,0.000000000,0.000000000,0.000000000,0.000000000,0.000000000,0.000000000,0.000000000,0.000000000
2026-04-18T06:00:50.980062+00:00,1776492050.980062008,162.020000000,0.038536946,-2.412176027,7.569930513,-1.216049563,-0.395678433,0.054224211,0.000000000,0.000000000,0.000000000,0.000000000,0.000000000,0.000000000,0.000000000,0.000000000,0.000000000,0.000000000,0.000000000,0.000000000
2026-04-18T06:00:51.235905+00:00,1776492051.235904932,162.120000000,-0.255358554,-2.472677502,7.161949596,-1.266918931,-0.501167067,0.066885997,-0.293895500,-0.060501475,-0.407980918,-0.050869368,-0.105488634,0.012661786,-2.938955003,-0.605014749,-4.079809175,-0.508693679,-1.054886336,0.126617858
2026-04-18T06:00:51.490308+00:00,1776492051.490308046,162.220000000,-0.015382958,-2.390474728,7.492955365,-1.139203874,-0.530947225,-0.041606626,0.239975596,0.082202774,0.331005769,0.127715057,-0.029780159,-0.108492622,2.399755964,0.822027737,3.310057690,1.277150566,-0.297801585,-1.084926223
2026-04-18T06:00:51.722791+00:00,1776492051.722790956,162.302000000,-0.113949581,-2.181577886,7.445964915,-1.148751090,-0.456511850,-0.005282380,-0.098566623,0.208896843,-0.046990450,-0.009547216,0.074435375,0.036324245,-0.985666234,2.088968427,-0.469904497,-0.095472156,0.744353747,0.363242453
2026-04-18T06:00:51.982519+00:00,1776492051.982518911,162.404000000,0.003345153,-2.136454167,7.519135008,-1.253294320,-0.546434905,0.018060947,0.000000000,0.000000000,0.000000000,0.000000000,0.000000000,0.000000000,0.000000000,0.000000000,0.000000000,0.000000000,0.000000000,0.000000000
2026-04-18T06:00:52.217044+00:00,1776492052.217044115,162.506000000,-0.407863433,-2.627144637,7.625374697,-1.173521426,-0.485697497,0.057683108,0.000000000,0.000000000,0.000000000,0.000000000,0.000000000,0.000000000,0.000000000,0.000000000,0.000000000,0.000000000,0.000000000,0.000000000
2026-04-18T06:00:52.458951+00:00,1776492052.458950996,162.606000000,-0.455545289,-2.158696923,7.811968317,-1.194251662,-0.529620418,-0.082224282,-0.047681856,0.468447715,0.186593620,-0.020730235,-0.043922922,-0.139907390,-0.476818561,4.684477146,1.865936199,-0.207302354,-0.439229217,-1.399073897
2026-04-18T06:00:52.722371+00:00,1776492052.722371101,162.706000000,0.062592362,-1.840487848,7.441006261,-1.165954338,-0.610989558,-0.020190501,0.518137651,0.318209074,-0.370962056,0.028297323,-0.081369140,0.062033781,5.181376510,3.182090745,-3.709620563,0.282973235,-0.813691400,0.620337807
2026-04-18T06:00:52.959306+00:00,1776492052.959306002,162.806000000,0.129741918,-2.435815324,7.169523539,-1.128981936,-0.362859053,0.053443015,0.000000000,0.000000000,0.000000000,0.000000000,0.000000000,0.000000000,0.000000000,0.000000000,0.000000000,0.000000000,0.000000000,0.000000000
2026-04-18T06:00:53.187958+00:00,1776492053.187958002,162.910000000,-0.336547603,-2.299246142,7.353505603,-1.244928718,-0.494984382,-0.076622802,0.000000000,0.000000000,0.000000000,0.000000000,0.000000000,0.000000000,0.000000000,0.000000000,0.000000000,0.000000000,0.000000000,0.000000000
2026-04-18T06:00:53.403034+00:00,1776492053.403033972,163.010000000,-0.207671618,-2.392314004,7.921657852,-1.098352433,-0.497447415,0.015086323,0.128875985,-0.093067862,0.568152249,0.146576285,-0.002463033,0.091709125,1.288759852,-0.930678616,5.681522493,1.465762851,-0.024630326,0.917091248
2026-04-18T06:00:53.644825+00:00,1776492053.644824982,163.110000000,-0.086983568,-2.846811494,7.012186310,-1.085765975,-0.484328605,-0.064144065,0.000000000,0.000000000,0.000000000,0.000000000,0.000000000,0.000000000,0.000000000,0.000000000,0.000000000,0.000000000,0.000000000,0.000000000
2026-04-18T06:00:53.899560+00:00,1776492053.899559975,163.212000000,-0.109850880,-2.597779847,7.929526202,-1.093212523,-0.391797122,-0.029964323,0.000000000,0.000000000,0.000000000,0.000000000,0.000000000,0.000000000,0.000000000,0.000000000,0.000000000,0.000000000,0.000000000,0.000000000
2026-04-18T06:00:54.122774+00:00,1776492054.122773886,163.312000000,-0.012076531,-2.184287419,7.412294238,-1.086639943,-0.379704885,-0.057389418,0.000000000,0.000000000,0.000000000,0.000000000,0.000000000,0.000000000,0.000000000,0.000000000,0.000000000,0.000000000,0.000000000,0.000000000
2026-04-18T06:00:54.333794+00:00,1776492054.333794117,163.414000000,-0.173904827,-1.826467958,7.651283003,-1.042932656,-0.433134424,0.050067160,0.000000000,0.000000000,0.000000000,0.000000000,0.000000000,0.000000000,0.000000000,0.000000000,0.000000000,0.000000000,0.000000000,0.000000000
2026-04-18T06:00:54.552764+00:00,1776492054.552763939,163.516000000,-0.280946835,-2.493037971,7.089385279,-1.105991697,-0.533058449,-0.141894148,0.000000000,0.000000000,0.000000000,0.000000000,0.000000000,0.000000000,0.000000000,0.000000000,0.000000000,0.000000000,0.000000000,0.000000000
2026-04-18T06:00:54.791981+00:00,1776492054.791980982,163.616000000,-0.097648699,-2.092490503,7.340435200,-1.264192628,-0.450686823,0.015272064,0.000000000,0.000000000,0.000000000,0.000000000,0.000000000,0.000000000,0.000000000,0.000000000,0.000000000,0.000000000,0.000000000,0.000000000
2026-04-18T06:00:55.036814+00:00,1776492055.036813974,163.716000000,-0.372057555,-2.243738757,7.447182816,-1.147172972,-0.453655957,0.041510091,-0.274408855,-0.151248254,0.106747617,0.117019656,-0.002969133,0.026238027,-2.744088555,-1.512482542,1.067476169,1.170196558,-0.029691334,0.262380271
2026-04-18T06:00:55.263162+00:00,1776492055.263161898,163.816000000,0.059602025,-2.693279684,7.089819677,-1.078341283,-0.595170983,0.029077161,0.431659580,-0.449540927,-0.357363139,0.068831689,-0.141515026,-0.012432930,4.316595799,-4.495409271,-3.573631393,0.688316889,-1.415150262,-0.124329300
2026-04-18T06:00:55.470725+00:00,1776492055.470725060,163.916000000,0.085213501,-2.504975017,7.294428282,-1.308569928,-0.446564560,-0.040341436,0.025611476,0.188304668,0.204608605,-0.230228645,0.148606423,-0.069418597,0.256114757,1.883046675,2.046086045,-2.302286454,1.486064233,-0.694185971
2026-04-18T06:00:55.690417+00:00,1776492055.690417051,164.016000000,-0.114370426,-2.310580183,7.503887933,-1.119000119,-0.552031769,-0.000464393,-0.199583926,0.194394833,0.209459651,0.189569810,-0.105467209,0.039877043,-1.995839264,1.943948335,2.094596514,1.895698098,-1.054672089,0.398770434
2026-04-18T06:00:55.945128+00:00,1776492055.945127964,164.116000000,0.265113131,-2.188090665,7.231458242,-1.032100558,-0.372484645,0.050924738,0.000000000,0.000000000,0.000000000,0.000000000,0.000000000,0.000000000,0.000000000,0.000000000,0.000000000,0.000000000,0.000000000,0.000000000
2026-04-18T06:00:56.206982+00:00,1776492056.206981897,164.216000000,-0.276869887,-2.283084060,7.935753265,-1.237761184,-0.494508729,0.001542620,-0.541983018,-0.094993394,0.704295022,-0.205660626,-0.122024083,-0.049382119,-5.419830175,-0.949933945,7.042950224,-2.056606261,-1.220240834,-0.493821186
2026-04-18T06:00:56.428196+00:00,1776492056.428195953,164.316000000,-0.311132325,-2.337826662,7.445465020,-1.157174717,-0.309101620,0.045048829,-0.034262439,-0.054742602,-0.490288244,0.080586468,0.185407109,0.043506209,-0.342624388,-0.547426022,-4.902882444,0.805864676,1.854071092,0.435062087
2026-04-18T06:00:56.681080+00:00,1776492056.681080103,164.416000000,-0.112981155,-2.316371943,7.517314317,-1.288555799,-0.408006545,-0.004402778,0.198151171,0.021454719,0.071849297,-0.131381082,-0.098904925,-0.049451607,1.981511705,0.214547186,0.718492966,-1.313810824,-0.989049254,-0.494516067
2026-04-18T06:00:56.906427+00:00,1776492056.906426907,164.516000000,-0.249010254,-2.454226181,7.458318552,-1.165862989,-0.503798675,-0.067234644,-0.136029099,-0.137854237,-0.058995765,0.122692810,-0.095792130,-0.062831866,-1.360290991,-1.378542373,-0.589957655,1.226928100,-0.957921301,-0.628318662
2026-04-18T06:00:57.121240+00:00,1776492057.121239901,164.618000000,-0.330125767,-2.429364523,7.593123909,-1.146387098,-0.457736939,-0.046569448,0.000000000,0.000000000,0.000000000,0.000000000,0.000000000,0.000000000,0.000000000,0.000000000,0.000000000,0.000000000,0.000000000,0.000000000
2026-04-18T06:00:57.352902+00:00,1776492057.352901936,164.720000000,-0.144434643,-2.279701208,7.215173681,-1.103182645,-0.544711592,-0.026481777,0.000000000,0.000000000,0.000000000,0.000000000,0.000000000,0.000000000,0.000000000,0.000000000,0.000000000,0.000000000,0.000000000,0.000000000
2026-04-18T06:00:57.537948+00:00,1776492057.537947893,164.800000000,-0.072391901,-2.639278474,7.579300372,-1.110408291,-0.424749467,0.005066016,0.072042742,-0.359577266,0.364126691,-0.007225646,0.119962125,0.031547793,0.720427419,-3.595772657,3.641266910,-0.072256460,1.199621250,0.315477933
2026-04-18T06:00:57.758378+00:00,1776492057.758378029,164.908000000,-0.116397330,-2.185522947,7.788615569,-1.193105484,-0.484835884,-0.003645267,0.000000000,0.000000000,0.000000000,0.000000000,0.000000000,0.000000000,0.000000000,0.000000000,0.000000000,0.000000000,0.000000000,0.000000000
2026-04-18T06:00:57.978132+00:00,1776492057.978132010,165.016000000,0.068586088,-1.960111571,7.608023719,-1.196488888,-0.234006954,0.016662389,0.000000000,0.000000000,0.000000000,0.000000000,0.000000000,0.000000000,0.000000000,0.000000000,0.000000000,0.000000000,0.000000000,0.000000000
2026-04-18T06:00:58.186537+00:00,1776492058.186537027,165.116000000,0.090254622,-2.020106658,8.063232365,-1.229362718,-0.422002191,-0.071815376,0.000000000,0.000000000,0.000000000,0.000000000,0.000000000,0.000000000,0.000000000,0.000000000,0.000000000,0.000000000,0.000000000,0.000000000
2026-04-18T06:00:58.422716+00:00,1776492058.422715902,165.216000000,-0.142703949,-2.570941505,7.430063532,-1.189280836,-0.418599893,-0.016799318,-0.232958572,-0.550834847,-0.633168834,0.040081883,0.003402298,0.055016058,-2.329585719,-5.508348473,-6.331688335,0.400818827,0.034022979,0.550160584
2026-04-18T06:00:58.639802+00:00,1776492058.639801979,165.316000000,0.211841829,-2.842847238,7.231392093,-1.189826221,-0.424908013,-0.001214380,0.354545778,-0.271905732,-0.198671439,-0.000545385,-0.006308120,0.015584938,3.545457784,-2.719057325,-1.986714390,-0.005453853,-0.063081197,0.155849379
2026-04-18T06:00:58.852702+00:00,1776492058.852701902,165.420000000,-0.174336063,-2.540044046,7.463355260,-1.149488258,-0.464417354,-0.015398525,0.000000000,0.000000000,0.000000000,0.000000000,0.000000000,0.000000000,0.000000000,0.000000000,0.000000000,0.000000000,0.000000000,0.000000000
2026-04-18T06:00:59.093462+00:00,1776492059.093461990,165.520000000,0.107752246,-2.273751984,7.663514187,-1.269459543,-0.413425097,0.036108945,0.000000000,0.000000000,0.000000000,0.000000000,0.000000000,0.000000000,0.000000000,0.000000000,0.000000000,0.000000000,0.000000000,0.000000000
2026-04-18T06:00:59.330211+00:00,1776492059.330210924,165.620000000,0.520968426,-2.078907286,7.953573040,-1.154911774,-0.412221002,-0.045570598,0.413216180,0.194844699,0.290058853,0.114547769,0.001204095,-0.081679542,4.132161802,1.948446985,2.900588535,1.145477693,0.012040946,-0.816795423
2026-04-18T06:00:59.561144+00:00,1776492059.561144114,165.720000000,0.133539493,-2.440002525,7.721513869,-1.159678740,-0.426662568,-0.023574894,-0.387428934,-0.361095239,-0.232059171,-0.004766967,-0.014441565,0.021995704,-3.874289338,-3.610952393,-2.320591712,-0.047669668,-0.144415652,0.219957037
2026-04-18T06:00:59.768036+00:00,1776492059.768035889,165.820000000,-0.146604150,-2.206074802,7.610954948,-1.133140426,-0.405144487,0.180449283,-0.280143642,0.233927723,-0.110558921,0.026538315,0.021518081,0.204024177,-2.801436422,2.339277228,-1.105589213,0.265383148,0.215180810,2.040241766
2026-04-18T06:00:59.989250+00:00,1776492059.989249945,165.920000000,0.094390019,-3.057322150,7.289859740,-1.119413439,-0.539441509,-0.022828181,0.240994169,-0.851247347,-0.321095208,0.013726987,-0.134297023,-0.203277463,2.409941687,-8.512473475,-3.210952078,0.137269866,-1.342970229,-2.032774631
2026-04-18T06:01:00.216127+00:00,1776492060.216126919,166.004000000,-0.353699409,-2.376287896,7.532931499,-1.058995916,-0.444679856,0.016077449,-0.448089428,0.681034254,0.243071759,0.060417523,0.094761653,0.038905630,-4.480894280,6.810342541,2.430717593,0.604175233,0.947616533,0.389056299
2026-04-18T06:01:00.422241+00:00,1776492060.422240973,166.108000000,-0.379788877,-2.555853705,7.208633254,-1.180274215,-0.417496710,0.038658940,0.000000000,0.000000000,0.000000000,0.000000000,0.000000000,0.000000000,0.000000000,0.000000000,0.000000000,0.000000000,0.000000000,0.000000000
2026-04-18T06:01:00.638690+00:00,1776492060.638689995,166.210000000,0.376341506,-2.507080394,7.074544096,-1.142015731,-0.453391468,0.047565832,0.000000000,0.000000000,0.000000000,0.000000000,0.000000000,0.000000000,0.000000000,0.000000000,0.000000000,0.000000000,0.000000000,0.000000000
2026-04-18T06:01:00.842308+00:00,1776492060.842308044,166.310000000,-0.090438798,-1.973424109,7.891334829,-1.163725517,-0.405229204,-0.057772540,-0.466780304,0.533656285,0.816790733,-0.021709786,0.048162264,-0.105338372,-4.667803039,5.336562846,8.167907331,-0.217097860,0.481622645,-1.053383720
2026-04-18T06:01:01.054300+00:00,1776492061.054300070,166.410000000,0.051745683,-2.190350583,7.296661221,-1.015047700,-0.431064410,-0.036011014,0.142184481,-0.216926474,-0.594673609,0.148677817,-0.025835206,0.021761526,1.421844811,-2.169264737,-5.946736086,1.486778166,-0.258352059,0.217615260
2026-04-18T06:01:01.259637+00:00,1776492061.259637117,166.510000000,-0.001929997,-1.968624577,7.464022448,-1.219144664,-0.459381492,-0.023348832,-0.053675680,0.221726006,0.167361228,-0.204096964,-0.028317082,0.012662182,-0.536756802,2.217260056,1.673612276,-2.040969636,-0.283170822,0.126621824
2026-04-18T06:01:01.473337+00:00,1776492061.473336935,166.610000000,-0.206682628,-2.168313435,7.590144581,-1.060706775,-0.499319801,-0.009458952,0.000000000,0.000000000,0.000000000,0.000000000,0.000000000,0.000000000,0.000000000,0.000000000,0.000000000,0.000000000,0.000000000,0.000000000
2026-04-18T06:01:01.720861+00:00,1776492061.720860958,166.710000000,-0.223012729,-2.359448789,7.223408913,-1.210775260,-0.497889830,-0.079924412,-0.016330101,-0.191135354,-0.366735669,-0.150068485,0.001429971,-0.070465460,-0.163301008,-1.911353537,-3.667356688,-1.500684850,0.014299707,-0.704654603
2026-04-18T06:01:01.922826+00:00,1776492061.922826052,166.810000000,0.340675269,-2.090474772,7.560981463,-1.197202593,-0.349086580,-0.008214481,0.563687998,0.268974017,0.337572551,0.013572667,0.148803250,0.071709931,5.636879980,2.689740167,3.375725509,0.135726668,1.488032499,0.717099308
2026-04-18T06:01:02.128376+00:00,1776492062.128376007,166.910000000,-0.066362451,-2.688872338,7.251341715,-1.153684801,-0.410369170,-0.078997312,-0.407037720,-0.598397566,-0.309639749,0.043517791,-0.061282590,-0.070782831,-4.070377199,-5.983975658,-3.096397489,0.435177914,-0.612825898,-0.707828308
2026-04-18T06:01:02.336211+00:00,1776492062.336210966,167.012000000,-0.196589700,-2.569920231,7.239758104,-1.167353693,-0.485058071,-0.025376311,0.000000000,0.000000000,0.000000000,0.000000000,0.000000000,0.000000000,0.000000000,0.000000000,0.000000000,0.000000000,0.000000000,0.000000000
2026-04-18T06:01:02.542185+00:00,1776492062.542185068,167.116000000,0.063273858,-2.750755394,7.508821913,-1.008830214,-0.471284381,-0.053735507,0.000000000,0.000000000,0.000000000,0.000000000,0.000000000,0.000000000,0.000000000,0.000000000,0.000000000,0.000000000,0.000000000,0.000000000
2026-04-18T06:01:02.783366+00:00,1776492062.783365965,167.216000000,0.158048309,-2.457395057,7.709777409,-1.121716407,-0.333631751,-0.106601615,0.094774451,0.293360337,0.200955496,-0.112886193,0.137652630,-0.052866108,0.947744507,2.933603375,2.009554963,-1.128861930,1.376526298,-0.528661083
2026-04-18T06:01:02.968522+00:00,1776492062.968522072,167.316000000,-0.048158553,-2.177217925,8.027478740,-1.299128762,-0.500386798,-0.029553580,-0.206206862,0.280177132,0.317701331,-0.177412355,-0.166755046,0.077048034,-2.062068620,2.801771318,3.177013312,-1.774123553,-1.667550464,0.770480344
2026-04-18T06:01:03.186485+00:00,1776492063.186485052,167.416000000,-0.488892380,-2.286674214,7.858147486,-1.154927888,-0.490352165,0.031764026,-0.440733827,-0.109456289,-0.169331254,0.144200874,0.010034632,0.061317607,-4.407338267,-1.094562893,-1.693312544,1.442008740,0.100346324,0.613176066
2026-04-18T06:01:03.404762+00:00,1776492063.404762030,167.518000000,-0.102541114,-2.819730789,7.427849361,-1.001232834,-0.458901003,0.030895860,0.000000000,0.000000000,0.000000000,0.000000000,0.000000000,0.000000000,0.000000000,0.000000000,0.000000000,0.000000000,0.000000000,0.000000000
2026-04-18T06:01:03.627342+00:00,1776492063.627341986,167.618000000,-0.127792005,-1.875659787,7.885531976,-1.147199338,-0.425754563,-0.019935332,-0.025250891,0.944071002,0.457682616,-0.145966504,0.033146440,-0.050831192,-0.252508908,9.440710021,4.576826158,-1.459665038,0.331464402,-0.508311920
2026-04-18T06:01:03.874688+00:00,1776492063.874687910,167.718000000,-0.038069959,-2.572559312,7.773996358,-1.040587134,-0.494869078,0.014101854,0.089722046,-0.696899525,-0.111535618,0.106612204,-0.069114515,0.034037186,0.897220457,-6.968995251,-1.115356179,1.066122041,-0.691145154,0.340371858
2026-04-18T06:01:04.062620+00:00,1776492064.062619925,167.818000000,0.372835226,-2.454755475,7.354159580,-1.134690638,-0.401558966,-0.106078417,0.000000000,0.000000000,0.000000000,0.000000000,0.000000000,0.000000000,0.000000000,0.000000000,0.000000000,0.000000000,0.000000000,0.000000000
2026-04-18T06:01:04.279639+00:00,1776492064.279639006,167.918000000,-0.178216655,-2.686226775,7.518461467,-1.095150585,-0.470590172,0.074210305,-0.551051881,-0.231471300,0.164301887,0.039540053,-0.069031207,0.180288722,-5.510518813,-2.314712999,1.643018871,0.395400533,-0.690312065,1.802887220
2026-04-18T06:01:04.486076+00:00,1776492064.486076117,168.018000000,-0.053588789,-2.493480410,7.332565126,-1.115784194,-0.384026039,0.022458067,0.124627866,0.192746365,-0.185896341,-0.020633609,0.086564133,-0.051752237,1.246278658,1.927463649,-1.858963407,-0.206336095,0.865641330,-0.517522375
2026-04-18T06:01:04.706389+00:00,1776492064.706388950,168.118000000,-0.154422701,-2.705866821,7.652438162,-1.125216810,-0.470403295,-0.065741618,-0.100833912,-0.212386411,0.319873036,-0.009432616,-0.086377256,-0.088199685,-1.008339119,-2.123864108,3.198730356,-0.094326162,-0.863772560,-0.881996849
2026-04-18T06:01:04.931256+00:00,1776492064.931256056,168.218000000,-0.329176858,-2.828796558,7.171694505,-0.992908781,-0.516865685,-0.059636776,-0.174754157,-0.122929738,-0.480743657,0.132308029,-0.046462390,0.006104841,-1.747541570,-1.229297377,-4.807436568,1.323080294,-0.464623897,0.061048415
2026-04-18T06:01:05.145706+00:00,1776492065.145705938,168.320000000,0.011027271,-2.274405395,7.046705959,-1.192473788,-0.377103386,-0.074704270,0.000000000,0.000000000,0.000000000,0.000000000,0.000000000,0.000000000,0.000000000,0.000000000,0.000000000,0.000000000,0.000000000,0.000000000
2026-04-18T06:01:05.354087+00:00,1776492065.354087114,168.400000000,0.159740361,-2.191227429,7.601967756,-1.201261778,-0.382691367,0.063456711,0.148713091,0.083177966,0.555261797,-0.008787990,-0.005587981,0.138160981,1.487130905,0.831779665,5.552617974,-0.087879901,-0.055879807,1.381609813
2026-04-18T06:01:05.565519+00:00,1776492065.565519094,168.502000000,0.096632875,-2.665043904,8.029035815,-1.059709610,-0.384574398,-0.032035670,0.000000000,0.000000000,0.000000000,0.000000000,0.000000000,0.000000000,0.000000000,0.000000000,0.000000000,0.000000000,0.000000000,0.000000000
2026-04-18T06:01:05.776047+00:00,1776492065.776046991,168.606000000,-0.485203469,-2.320446549,7.124731380,-1.016516762,-0.412718418,-0.033271279,0.000000000,0.000000000,0.000000000,0.000000000,0.000000000,0.000000000,0.000000000,0.000000000,0.000000000,0.000000000,0.000000000,0.000000000
2026-04-18T06:01:05.983820+00:00,1776492065.983819962,168.708000000,-0.330858629,-2.319950282,7.662603884,-1.109550781,-0.595181010,0.058008473,0.000000000,0.000000000,0.000000000,0.000000000,0.000000000,0.000000000,0.000000000,0.000000000,0.000000000,0.000000000,0.000000000,0.000000000
2026-04-18T06:01:06.198909+00:00,1776492066.198909044,168.812000000,-0.252595745,-2.410432085,7.286422263,-1.083074965,-0.457591564,-0.063854337,0.000000000,0.000000000,0.000000000,0.000000000,0.000000000,0.000000000,0.000000000,0.000000000,0.000000000,0.000000000,0.000000000,0.000000000
2026-04-18T06:01:06.404877+00:00,1776492066.404876947,168.914000000,-0.305538356,-2.408467599,7.866969249,-1.049039738,-0.484564885,0.002320608,0.000000000,0.000000000,0.000000000,0.000000000,0.000000000,0.000000000,0.000000000,0.000000000,0.000000000,0.000000000,0.000000000,0.000000000
2026-04-18T06:01:06.612057+00:00,1776492066.612056971,169.014000000,-0.168537066,-2.597709648,7.455354367,-1.051037162,-0.422004201,-0.006911474,0.000000000,0.000000000,0.000000000,0.000000000,0.000000000,0.000000000,0.000000000,0.000000000,0.000000000,0.000000000,0.000000000,0.000000000
2026-04-18T06:01:06.814646+00:00,1776492066.814646006,169.114000000,0.106578494,-3.003043124,7.152225755,-1.016893419,-0.296583790,-0.051335925,0.275115560,-0.405333477,-0.303128612,0.034143743,0.125420411,-0.044424450,2.751155604,-4.053334768,-3.031286122,0.341437428,1.254204111,-0.444244504
2026-04-18T06:01:07.047119+00:00,1776492067.047118902,169.216000000,0.124513911,-2.573571932,7.058066864,-1.102496999,-0.402343642,0.021397174,0.000000000,0.000000000,0.000000000,0.000000000,0.000000000,0.000000000,0.000000000,0.000000000,0.000000000,0.000000000,0.000000000,0.000000000
2026-04-18T06:01:07.220364+00:00,1776492067.220364094,169.316000000,0.157245396,-2.555132629,7.535091837,-1.153105371,-0.361063113,-0.020465133,0.032731485,0.018439303,0.477024973,-0.050608372,0.041280529,-0.041862307,0.327314849,0.184393031,4.770249731,-0.506083722,0.412805288,-0.418623067
2026-04-18T06:01:07.410393+00:00,1776492067.410393000,169.416000000,0.271075798,-2.278469952,7.709419059,-1.102564107,-0.382295827,-0.047195606,0.113830402,0.276662677,0.174327221,0.050541264,-0.021232714,-0.026730473,1.138304022,2.766626767,1.743272213,0.505412643,-0.212327136,-0.267304729
2026-04-18T06:01:07.591024+00:00,1776492067.591023922,169.516000000,-0.210258991,-2.032217010,7.483916154,-1.119792235,-0.359683157,0.011766765,-0.481334789,0.246252942,-0.225502905,-0.017228128,0.022612670,0.058962371,-4.813347893,2.462529420,-2.255029047,-0.172281276,0.226126697,0.589623708
2026-04-18T06:01:07.770790+00:00,1776492067.770790100,169.616000000,-0.499224038,-2.619637743,7.671565295,-1.152612994,-0.481122694,-0.044365536,0.000000000,0.000000000,0.000000000,0.000000000,0.000000000,0.000000000,0.000000000,0.000000000,0.000000000,0.000000000,0.000000000,0.000000000
2026-04-18T06:01:07.992463+00:00,1776492067.992463112,169.716000000,-0.469847317,-2.467055560,7.543344897,-1.120361587,-0.426138972,-0.016355390,0.029376720,0.152582183,-0.128220398,0.032251407,0.054983722,0.028010147,0.293767203,1.525821825,-1.282203980,0.322514067,0.549837221,0.280101467
2026-04-18T06:01:08.170226+00:00,1776492068.170226097,169.818000000,0.245220978,-2.506467177,7.409667262,-1.155065489,-0.465252697,-0.003980679,0.000000000,0.000000000,0.000000000,0.000000000,0.000000000,0.000000000,0.000000000,0.000000000,0.000000000,0.000000000,0.000000000,0.000000000
2026-04-18T06:01:08.374129+00:00,1776492068.374129057,169.918000000,0.225669596,-2.821223361,7.604209623,-1.125969626,-0.446453755,0.039060916,-0.019551382,-0.314756184,0.194542361,0.029095863,0.018798942,0.043041596,-0.195513817,-3.147561843,1.945423605,0.290958626,0.187989417,0.430415956
2026-04-18T06:01:08.571137+00:00,1776492068.571136951,170.018000000,0.340720289,-2.415576726,7.544355005,-1.073254258,-0.456384495,0.015636927,0.115050693,0.405646635,-0.059854618,0.052715368,-0.009930740,-0.023423989,1.150506929,4.056466352,-0.598546176,0.527153681,-0.099307395,-0.234239894
2026-04-18T06:01:08.758565+00:00,1776492068.758564949,170.118000000,-0.183139609,-2.694761149,7.597796509,-1.082732571,-0.404186034,0.073357291,-0.523859898,-0.279184423,0.053441504,-0.009478312,0.052198461,0.057720365,-5.238598976,-2.791844229,0.534415038,-0.094783124,0.521984605,0.577203645
2026-04-18T06:01:08.969264+00:00,1776492068.969264030,170.218000000,0.009239319,-2.404105696,7.527481230,-1.090493225,-0.411598346,-0.013761086,0.192378928,0.290655453,-0.070315279,-0.007760654,-0.007412312,-0.087118377,1.923789278,2.906554528,-0.703152791,-0.077606544,-0.074123118,-0.871183772
2026-04-18T06:01:09.150804+00:00,1776492069.150804043,170.318000000,-0.093719970,-2.543323554,7.329725548,-1.073507820,-0.408102462,-0.070903254,0.000000000,0.000000000,0.000000000,0.000000000,0.000000000,0.000000000,0.000000000,0.000000000,0.000000000,0.000000000,0.000000000,0.000000000
2026-04-18T06:01:09.352322+00:00,1776492069.352322102,170.420000000,0.125062111,-2.345101228,7.440995518,-1.160263303,-0.408109648,-0.024173428,0.000000000,0.000000000,0.000000000,0.000000000,0.000000000,0.000000000,0.000000000,0.000000000,0.000000000,0.000000000,0.000000000,0.000000000
2026-04-18T06:01:09.528172+00:00,1776492069.528172016,170.520000000,-0.006540736,-2.482376578,7.286801435,-1.206747412,-0.373032361,-0.074732446,0.000000000,0.000000000,0.000000000,0.000000000,0.000000000,0.000000000,0.000000000,0.000000000,0.000000000,0.000000000,0.000000000,0.000000000
2026-04-18T06:01:09.715237+00:00,1776492069.715236902,170.620000000,-0.336708663,-2.804539250,7.310325272,-0.924911544,-0.486028313,0.035941050,-0.330167927,-0.322162673,0.023523837,0.281835868,-0.112995952,0.110673496,-3.301679274,-3.221626725,0.235238371,2.818358680,-1.129959522,1.106734964
2026-04-18T06:01:09.909434+00:00,1776492069.909434080,170.720000000,-0.250475298,-2.491125570,7.402870817,-1.053126900,-0.294778429,-0.027416236,0.086233365,0.313413681,0.092545545,-0.128215356,0.191249884,-0.063357286,0.862333650,3.134136806,0.925455452,-1.282153561,1.912498839,-0.633572859
2026-04-18T06:01:10.091979+00:00,1776492070.091979027,170.820000000,-0.163674574,-2.811385531,7.552537904,-1.066446929,-0.405493698,-0.010007036,0.086800724,-0.320259962,0.149667087,-0.013320029,-0.110715269,0.017409200,0.868007243,-3.202599618,1.496670869,-0.133200288,-1.107152693,0.174091995
2026-04-18T06:01:10.299239+00:00,1776492070.299238920,170.902000000,0.269871720,-2.289734402,7.735325305,-1.057690394,-0.358684545,0.079849092,0.433546294,0.521651130,0.182787401,0.008756534,0.046809153,0.089856128,4.335462935,5.216511299,1.827874010,0.087565341,0.468091532,0.898561275
2026-04-18T06:01:10.496377+00:00,1776492070.496376991,171.006000000,0.269109278,-2.273988470,7.272979031,-1.036006694,-0.335647084,0.125451466,0.000000000,0.000000000,0.000000000,0.000000000,0.000000000,0.000000000,0.000000000,0.000000000,0.000000000,0.000000000,0.000000000,0.000000000
2026-04-18T06:01:10.693013+00:00,1776492070.693012953,171.106000000,0.231916597,-2.413816087,7.200882638,-1.147794668,-0.381470618,-0.007049193,-0.037192680,-0.139827617,-0.072096393,-0.111787974,-0.045823534,-0.132500660,-0.371926803,-1.398276170,-0.720963933,-1.117879744,-0.458235344,-1.325006596
2026-04-18T06:01:10.909157+00:00,1776492070.909157038,171.206000000,0.401511278,-2.145007890,7.814624044,-1.183239749,-0.383129969,0.030085140,0.169594681,0.268808197,0.613741406,-0.035445081,-0.001659350,0.037134333,1.695946808,2.688081970,6.137414059,-0.354450809,-0.016593503,0.371343333
2026-04-18T06:01:11.103493+00:00,1776492071.103492975,171.306000000,0.086398862,-1.960339351,7.716894066,-1.120854024,-0.367511810,-0.003045116,0.000000000,0.000000000,0.000000000,0.000000000,0.000000000,0.000000000,0.000000000,0.000000000,0.000000000,0.000000000,0.000000000,0.000000000
2026-04-18T06:01:11.317116+00:00,1776492071.317116022,171.406000000,0.106949950,-2.663333535,6.888667828,-1.049322480,-0.330594790,-0.005162052,0.020551088,-0.702994184,-0.828226237,0.071531544,0.036917020,-0.002116936,0.205510880,-7.029941838,-8.282262373,0.715315441,0.369170202,-0.021169358
2026-04-18T06:01:11.525383+00:00,1776492071.525382996,171.506000000,-0.357070851,-2.468592150,7.385976105,-1.087795353,-0.496226761,-0.001800616,-0.464020802,0.194741385,0.497308277,-0.038472873,-0.165631971,0.003361437,-4.640208017,1.947413846,4.973082766,-0.384728731,-1.656319712,0.033614365
2026-04-18T06:01:11.734341+00:00,1776492071.734340906,171.606000000,0.111243401,-2.584180457,7.372632280,-1.065184363,-0.325497537,0.003524177,0.468314253,-0.115588307,-0.013343825,0.022610989,0.170729224,0.005324793,4.683142527,-1.155883067,-0.133438251,0.226109894,1.707292241,0.053247930
2026-04-18T06:01:11.956765+00:00,1776492071.956764936,171.708000000,0.119746590,-2.447518670,7.734309476,-1.082725649,-0.416254252,0.038318504,0.000000000,0.000000000,0.000000000,0.000000000,0.000000000,0.000000000,0.000000000,0.000000000,0.000000000,0.000000000,0.000000000,0.000000000
2026-04-18T06:01:12.147884+00:00,1776492072.147883892,171.808000000,-0.042527384,-2.626138062,7.454895266,-1.039445883,-0.532145302,-0.003401948,-0.162273974,-0.178619392,-0.279414211,0.043279766,-0.115891050,-0.041720452,-1.622739743,-1.786193922,-2.794142108,0.432797662,-1.158910502,-0.417204516
2026-04-18T06:01:12.355154+00:00,1776492072.355154037,171.910000000,0.214223404,-2.415604712,7.561052347,-1.017413891,-0.409333526,0.061910138,0.000000000,0.000000000,0.000000000,0.000000000,0.000000000,0.000000000,0.000000000,0.000000000,0.000000000,0.000000000,0.000000000,0.000000000
2026-04-18T06:01:12.565317+00:00,1776492072.565316916,172.014000000,0.047066258,-2.611156824,7.264793487,-0.971714442,-0.474488732,0.032736960,0.000000000,0.000000000,0.000000000,0.000000000,0.000000000,0.000000000,0.000000000,0.000000000,0.000000000,0.000000000,0.000000000,0.000000000
2026-04-18T06:01:12.769929+00:00,1776492072.769928932,172.116000000,0.099806783,-2.474957316,7.551031042,-1.091710042,-0.264501897,-0.041375570,0.000000000,0.000000000,0.000000000,0.000000000,0.000000000,0.000000000,0.000000000,0.000000000,0.000000000,0.000000000,0.000000000,0.000000000
2026-04-18T06:01:12.991407+00:00,1776492072.991406918,172.216000000,0.230961795,-2.152285664,7.253299397,-1.123483501,-0.446809282,-0.017985538,0.131155012,0.322671653,-0.297731645,-0.031773459,-0.182307385,0.023390032,1.311550124,3.226716526,-2.977316450,-0.317734591,-1.823073851,0.233900318
2026-04-18T06:01:13.186991+00:00,1776492073.186990976,172.318000000,0.121577152,-2.375231202,7.768978039,-1.146154623,-0.317481520,0.037783967,0.000000000,0.000000000,0.000000000,0.000000000,0.000000000,0.000000000,0.000000000,0.000000000,0.000000000,0.000000000,0.000000000,0.000000000
2026-04-18T06:01:13.399938+00:00,1776492073.399938107,172.418000000,-0.406592962,-2.475384894,7.179330389,-1.111681385,-0.512304661,-0.022952862,-0.528170113,-0.100153692,-0.589647650,0.034473238,-0.194823142,-0.060736829,-5.281701133,-1.001536925,-5.896476498,0.344732382,-1.948231418,-0.607368288
2026-04-18T06:01:13.600334+00:00,1776492073.600333929,172.520000000,0.314966924,-2.654820502,6.993488217,-0.965965603,-0.412528179,0.058730441,0.000000000,0.000000000,0.000000000,0.000000000,0.000000000,0.000000000,0.000000000,0.000000000,0.000000000,0.000000000,0.000000000,0.000000000
2026-04-18T06:01:13.819757+00:00,1776492073.819756985,172.620000000,-0.091912025,-2.405036842,7.800137312,-1.044156666,-0.393306557,-0.037308468,-0.406878949,0.249783660,0.806649095,-0.078191063,0.019221622,-0.096038910,-4.068789487,2.497836599,8.066490955,-0.781910628,0.192216218,-0.960389097
2026-04-18T06:01:14.034798+00:00,1776492074.034797907,172.700000000,0.139106758,-2.911103084,7.702725848,-1.051097208,-0.284374344,-0.028257252,0.231018783,-0.506066242,-0.097411465,-0.006940542,0.108932213,0.009051217,2.310187829,-5.060662419,-0.974114647,-0.069405423,1.089322132,0.090512168
2026-04-18T06:01:14.227584+00:00,1776492074.227583885,172.804000000,0.376621929,-2.706431574,7.663678216,-1.148251743,-0.449989606,0.079249995,0.000000000,0.000000000,0.000000000,0.000000000,0.000000000,0.000000000,0.000000000,0.000000000,0.000000000,0.000000000,0.000000000,0.000000000
2026-04-18T06:01:14.441546+00:00,1776492074.441545963,172.904000000,-0.162998180,-2.720179697,7.440795471,-0.930404510,-0.388199502,0.023808884,-0.539620109,-0.013748123,-0.222882746,0.217847234,0.061790104,-0.055441111,-5.396201091,-0.137481231,-2.228827455,2.178472339,0.617901036,-0.554411111
2026-04-18T06:01:14.655027+00:00,1776492074.655026913,173.004000000,-0.370847395,-2.762630693,7.679028267,-1.053044307,-0.470798685,0.024070815,-0.207849215,-0.042450995,0.238232796,-0.122639797,-0.082599182,0.000261930,-2.078492147,-0.424509952,2.382327963,-1.226397973,-0.825991825,0.002619302
2026-04-18T06:01:14.854126+00:00,1776492074.854125977,173.104000000,-0.205577863,-2.797259953,7.734840005,-1.099727219,-0.430859011,-0.013237738,0.000000000,0.000000000,0.000000000,0.000000000,0.000000000,0.000000000,0.000000000,0.000000000,0.000000000,0.000000000,0.000000000,0.000000000
2026-04-18T06:01:15.073684+00:00,1776492075.073683977,173.206000000,0.151184622,-2.393908496,7.236247673,-1.063754917,-0.403110106,-0.029404458,0.000000000,0.000000000,0.000000000,0.000000000,0.000000000,0.000000000,0.000000000,0.000000000,0.000000000,0.000000000,0.000000000,0.000000000
2026-04-18T06:01:15.290238+00:00,1776492075.290237904,173.308000000,0.096037382,-2.598109228,7.491747334,-0.923381592,-0.204858193,0.036278036,0.000000000,0.000000000,0.000000000,0.000000000,0.000000000,0.000000000,0.000000000,0.000000000,0.000000000,0.000000000,0.000000000,0.000000000
2026-04-18T06:01:15.500387+00:00,1776492075.500386953,173.408000000,-0.303906775,-2.626841229,7.451035758,-0.966881243,-0.458014241,0.092077256,-0.399944157,-0.028732001,-0.040711576,-0.043499652,-0.253156047,0.055799220,-3.999441568,-0.287320012,-0.407115761,-0.434996516,-2.531560471,0.557992202
2026-04-18T06:01:15.706466+00:00,1776492075.706465960,173.508000000,-0.008863826,-2.328028889,7.644466984,-1.134385237,-0.403686950,0.035361173,0.000000000,0.000000000,0.000000000,0.000000000,0.000000000,0.000000000,0.000000000,0.000000000,0.000000000,0.000000000,0.000000000,0.000000000
2026-04-18T06:01:15.913647+00:00,1776492075.913646936,173.608000000,0.255890476,-2.826896850,7.433445214,-0.975671526,-0.434524235,0.042964757,0.264754302,-0.498867960,-0.211021771,0.158713710,-0.030837285,0.007603584,2.647543024,-4.988679602,-2.110217707,1.587137104,-0.308372850,0.076035838
2026-04-18T06:01:16.138229+00:00,1776492076.138228893,173.710000000,-0.226635678,-2.855474624,7.543068194,-1.104900093,-0.410616422,0.045852978,0.000000000,0.000000000,0.000000000,0.000000000,0.000000000,0.000000000,0.000000000,0.000000000,0.000000000,0.000000000,0.000000000,0.000000000
2026-04-18T06:01:16.330869+00:00,1776492076.330868959,173.810000000,0.027269988,-2.081741732,7.092213181,-1.072050975,-0.369793075,-0.042469109,0.253905667,0.773732892,-0.450855013,0.032849118,0.040823346,-0.088322087,2.539056666,7.737328922,-4.508550133,0.328491181,0.408233464,-0.883220872
2026-04-18T06:01:16.538089+00:00,1776492076.538089037,173.912000000,-0.234040540,-2.778908367,7.342333414,-1.108777944,-0.401063195,0.024628772,0.000000000,0.000000000,0.000000000,0.000000000,0.000000000,0.000000000,0.000000000,0.000000000,0.000000000,0.000000000,0.000000000,0.000000000
2026-04-18T06:01:16.738023+00:00,1776492076.738023043,174.012000000,0.379376592,-2.487587301,7.417921891,-1.120104743,-0.331954046,-0.069597500,0.613417132,0.291321066,0.075588478,-0.011326799,0.069109149,-0.094226271,6.134171321,2.913210656,0.755884775,-0.113267990,0.691091494,-0.942262714
2026-04-18T06:01:16.949030+00:00,1776492076.949029922,174.112000000,-0.077928764,-2.829024713,7.394774556,-0.984796099,-0.395647715,-0.072787861,-0.457305357,-0.341437412,-0.023147336,0.135308645,-0.063693669,-0.003190361,-4.573053567,-3.414374119,-0.231473359,1.353086445,-0.636936692,-0.031903610
2026-04-18T06:01:17.166901+00:00,1776492077.166901112,174.214000000,-0.499470284,-2.215991876,7.225685112,-1.076335499,-0.602771030,-0.030641956,0.000000000,0.000000000,0.000000000,0.000000000,0.000000000,0.000000000,0.000000000,0.000000000,0.000000000,0.000000000,0.000000000,0.000000000
2026-04-18T06:01:17.375338+00:00,1776492077.375338078,174.316000000,-0.209151381,-2.353233746,7.432635088,-1.194104666,-0.446507518,0.066502794,0.000000000,0.000000000,0.000000000,0.000000000,0.000000000,0.000000000,0.000000000,0.000000000,0.000000000,0.000000000,0.000000000,0.000000000
2026-04-18T06:01:17.580742+00:00,1776492077.580741882,174.416000000,-0.186501485,-1.971045603,7.718826090,-1.130070034,-0.619066800,0.008405978,0.022649896,0.382188143,0.286191002,0.064034632,-0.172559282,-0.058096816,0.226498960,3.821881435,2.861910021,0.640346324,-1.725592822,-0.580968160
2026-04-18T06:01:17.793008+00:00,1776492077.793008089,174.516000000,0.251813272,-2.345219083,7.496502441,-1.032545064,-0.266885615,-0.021765177,0.438314757,-0.374173481,-0.222323649,0.097524970,0.352181185,-0.030171155,4.383147574,-3.741734808,-2.223236487,0.975249700,3.521811853,-0.301711548
2026-04-18T06:01:18.005683+00:00,1776492078.005682945,174.616000000,0.090591372,-2.841605188,7.365402789,-0.968567151,-0.352197479,-0.029495671,0.000000000,0.000000000,0.000000000,0.000000000,0.000000000,0.000000000,0.000000000,0.000000000,0.000000000,0.000000000,0.000000000,0.000000000
2026-04-18T06:01:18.228051+00:00,1776492078.228050947,174.716000000,-0.217938257,-2.157697848,7.669185823,-1.017678185,-0.416089533,-0.019573127,-0.308529629,0.683907340,0.303783034,-0.049111033,-0.063892054,0.009922544,-3.085296291,6.839073397,3.037830344,-0.491110332,-0.638920543,0.099225445
2026-04-18T06:01:18.438398+00:00,1776492078.438397884,174.816000000,-0.103283363,-2.637258727,7.429013798,-1.095686549,-0.352333417,0.065790475,0.114654894,-0.479560878,-0.240172026,-0.078008364,0.063756116,0.085363602,1.146548938,-4.795608783,-2.401720256,-0.780083642,0.637561163,0.853636017
2026-04-18T06:01:18.667273+00:00,1776492078.667273045,174.916000000,0.345903371,-1.889069598,8.012474223,-1.088038267,-0.491327597,0.092835555,0.449186734,0.748189129,0.583460425,0.007648282,-0.138994181,0.027045080,4.491867343,7.481891285,5.834604255,0.076482816,-1.389941807,0.270450802
2026-04-18T06:01:18.888492+00:00,1776492078.888492107,175.016000000,0.181755256,-2.873843111,8.108646832,-1.072895624,-0.504546951,-0.119041536,-0.164148116,-0.984773513,0.096172608,0.015142644,-0.013219353,-0.211877091,-1.641481156,-9.847735125,0.961726084,0.151426437,-0.132193533,-2.118770911
2026-04-18T06:01:19.100056+00:00,1776492079.100055933,175.116000000,0.042554369,-2.450076145,7.338900034,-1.117061297,-0.325551506,0.002566861,0.000000000,0.000000000,0.000000000,0.000000000,0.000000000,0.000000000,0.000000000,0.000000000,0.000000000,0.000000000,0.000000000,0.000000000
2026-04-18T06:01:19.338958+00:00,1776492079.338958025,175.216000000,0.468382232,-7.625880676,19.223536297,0.077694214,-0.116037599,0.000570420,0.425827862,-5.175804532,11.884636264,1.194755512,0.209513907,-0.001996441,4.258278621,-51.758045315,118.846362635,11.947555118,2.095139075,-0.019964412
2026-04-18T06:01:19.550724+00:00,1776492079.550724030,175.316000000,0.204035526,-7.708265122,19.104331344,-0.025078046,-0.105448842,0.033155765,-0.264346706,-0.082384446,-0.119204954,-0.102772260,0.010588757,0.032585345,-2.643467058,-0.823844457,-1.192049536,-1.027722601,0.105887573,0.325853453
2026-04-18T06:01:19.777942+00:00,1776492079.777941942,175.416000000,0.232257266,-7.421910827,19.096641103,0.074558590,-0.079313390,0.036924664,0.028221740,0.286354295,-0.007690241,0.099636635,0.026135451,0.003768898,0.282217398,2.863542952,-0.076902411,0.996366352,0.261354512,0.037688984
2026-04-18T06:01:20.006397+00:00,1776492080.006397009,175.516000000,0.842024864,-7.161210926,19.520990846,0.202464574,-0.117049647,-0.105408602,0.609767598,0.260699901,0.424349743,0.127905985,-0.037736256,-0.142333266,6.097675982,2.606999012,4.243497431,1.279059850,-0.377362564,-1.423332658
2026-04-18T06:01:20.216498+00:00,1776492080.216497898,175.616000000,0.377016583,-7.496695596,18.935465578,0.097471754,-0.160226710,-0.038569586,0.000000000,0.000000000,0.000000000,0.000000000,0.000000000,0.000000000,0.000000000,0.000000000,0.000000000,0.000000000,0.000000000,0.000000000
2026-04-18T06:01:20.431245+00:00,1776492080.431245089,175.716000000,0.142585249,-7.451555341,19.036241912,0.134556063,-0.169346155,-0.075380720,-0.234431334,0.045140256,0.100776334,0.037084309,-0.009119446,-0.036811134,-2.344313338,0.451402556,1.007763339,0.370843092,-0.091194456,-0.368111343
2026-04-18T06:01:20.636432+00:00,1776492080.636431932,175.816000000,0.128571580,-7.407500770,18.951384218,0.068311116,-0.074605976,0.007334055,-0.014013669,0.044054571,-0.084857694,-0.066244947,0.094740179,0.082714776,-0.140136689,0.440545706,-0.848576938,-0.662449473,0.947401794,0.827147757
2026-04-18T06:01:20.847011+00:00,1776492080.847011089,175.916000000,0.422626538,-7.118120828,18.929581858,0.116168516,-0.170206357,0.079695847,0.294054957,0.289379942,-0.021802360,0.047857400,-0.095600381,0.072361792,2.940549572,2.893799418,-0.218023597,0.478574001,-0.956003812,0.723617915
2026-04-18T06:01:21.064478+00:00,1776492081.064477921,176.016000000,0.168448316,-7.261722937,19.385090301,0.080930035,-0.130342360,0.108031831,-0.254178222,-0.143602109,0.455508443,-0.035238481,0.039863997,0.028335984,-2.541782220,-1.436021088,4.555084427,-0.352384811,0.398639968,0.283359837
2026-04-18T06:01:21.291420+00:00,1776492081.291419983,176.116000000,0.385629596,-7.302322127,18.957129615,0.032811481,-0.198085261,0.093259162,0.000000000,0.000000000,0.000000000,0.000000000,0.000000000,0.000000000,0.000000000,0.000000000,0.000000000,0.000000000,0.000000000,0.000000000
2026-04-18T06:01:21.510738+00:00,1776492081.510737896,176.216000000,0.147066507,-7.504596566,18.987640802,0.183954895,-0.127306415,0.002638888,-0.238563089,-0.202274439,0.030511187,0.151143414,0.070778846,-0.090620273,-2.385630893,-2.022744388,0.305111867,1.511434137,0.707788459,-0.906202735
2026-04-18T06:01:21.710503+00:00,1776492081.710503101,176.316000000,0.138316650,-7.217594839,18.911867166,0.118784913,-0.147944658,0.011094570,-0.008749857,0.287001727,-0.075773636,-0.065169981,-0.020638243,0.008455682,-0.087498568,2.870017272,-0.757736361,-0.651699813,-0.206382426,0.084556821
2026-04-18T06:01:21.921724+00:00,1776492081.921724081,176.416000000,0.322142004,-7.439886292,19.003058919,0.126652576,-0.126765434,-0.006965230,0.183825353,-0.222291453,0.091191753,0.007867662,0.021179224,-0.018059800,1.838253532,-2.222914532,0.911917531,0.078676624,0.211792239,-0.180598004
2026-04-18T06:01:22.126210+00:00,1776492082.126209974,176.516000000,-0.056485519,-7.334762957,18.951025895,0.089092698,-0.112306468,0.008817288,-0.378627522,0.105123334,-0.052033024,-0.037559877,0.014458966,0.015782518,-3.786275224,1.051233344,-0.520330236,-0.375598775,0.144589660,0.157825183
2026-04-18T06:01:22.338972+00:00,1776492082.338972092,176.616000000,0.217891795,-7.651631835,19.638898396,0.151409100,-0.120438211,0.074765757,0.000000000,0.000000000,0.000000000,0.000000000,0.000000000,0.000000000,0.000000000,0.000000000,0.000000000,0.000000000,0.000000000,0.000000000
2026-04-18T06:01:22.563276+00:00,1776492082.563276052,176.716000000,0.161412323,-7.513263964,19.113513471,0.049484245,-0.122058644,-0.015117195,-0.056479472,0.138367871,-0.525384924,-0.101924855,-0.001620433,-0.089882952,-0.564794723,1.383678713,-5.253849244,-1.019248549,-0.016204329,-0.898829519
2026-04-18T06:01:22.770107+00:00,1776492082.770107031,176.816000000,0.164086520,-7.475407832,18.591294201,0.072478870,-0.031549892,-0.019146119,0.002674197,0.037856131,-0.522219270,0.022994625,0.090508753,-0.004028923,0.026741972,0.378561314,-5.222192703,0.229946249,0.905087526,-0.040289234
2026-04-18T06:01:22.982322+00:00,1776492082.982321978,176.916000000,0.841283369,-7.495626148,18.976457144,0.064243430,-0.192678367,-0.039859542,0.677196849,-0.020218315,0.385162943,-0.008235440,-0.161128476,-0.020713423,6.771968486,-0.202183155,3.851629435,-0.082354397,-1.611284758,-0.207134234
2026-04-18T06:01:23.212827+00:00,1776492083.212826967,177.016000000,0.458410961,-7.792625598,19.033307447,0.153474656,-0.089326212,0.036120337,-0.382872408,-0.296999450,0.056850302,0.089231226,0.103352155,0.075979879,-3.828724077,-2.969994500,0.568503021,0.892312256,1.033521550,0.759798793
2026-04-18T06:01:23.432268+00:00,1776492083.432267904,177.116000000,0.194149652,-7.657222931,19.078983880,0.109274163,-0.156447249,-0.043470652,0.000000000,0.000000000,0.000000000,0.000000000,0.000000000,0.000000000,0.000000000,0.000000000,0.000000000,0.000000000,0.000000000,0.000000000
2026-04-18T06:01:23.674583+00:00,1776492083.674582958,177.216000000,0.132024627,-7.699391327,18.934679379,0.120818401,-0.138419428,-0.060821562,-0.062125025,-0.042168396,-0.144304501,0.011544238,0.018027821,-0.017350910,-0.621250249,-0.421683958,-1.443045012,0.115442382,0.180278207,-0.173509096
2026-04-18T06:01:23.878310+00:00,1776492083.878309965,177.316000000,0.441918287,-7.373213049,19.143357463,0.093166165,-0.100437071,0.037871900,0.309893660,0.326178278,0.208678084,-0.027652236,0.037982357,0.098693462,3.098936600,3.261782780,2.086780843,-0.276522362,0.379823575,0.986934621
2026-04-18T06:01:24.096550+00:00,1776492084.096549988,177.416000000,-0.017514297,-7.163535010,18.796796275,0.023005472,-0.137181986,-0.035217293,-0.459432584,0.209678039,-0.346561188,-0.070160693,-0.036744916,-0.073089194,-4.594325842,2.096780389,-3.465611878,-0.701606928,-0.367449156,-0.730891938
2026-04-18T06:01:24.314858+00:00,1776492084.314857960,177.516000000,0.404874414,-7.654940029,19.285752667,0.062077415,-0.093304525,-0.038847025,0.422388711,-0.491405019,0.488956392,0.039071943,0.043877461,-0.003629732,4.223887112,-4.914050190,4.889563916,0.390719429,0.438774611,-0.036297319
2026-04-18T06:01:24.537130+00:00,1776492084.537130117,177.616000000,-0.028240271,-7.587031632,19.595571673,0.075333770,-0.079548874,0.003486462,0.000000000,0.000000000,0.000000000,0.000000000,0.000000000,0.000000000,0.000000000,0.000000000,0.000000000,0.000000000,0.000000000,0.000000000
2026-04-18T06:01:24.760247+00:00,1776492084.760246992,177.716000000,0.172686551,-6.578710356,16.483474189,-0.105331911,-0.171851171,0.100382062,0.200926822,1.008321276,-3.112097484,-0.180665681,-0.092302297,0.096895601,2.009268223,10.083212761,-31.120974837,-1.806656812,-0.923022972,0.968956007
2026-04-18T06:01:24.955279+00:00,1776492084.955279112,177.818000000,0.696386800,-7.390429720,16.947886227,0.094927371,-0.081235828,-0.113254779,0.000000000,0.000000000,0.000000000,0.000000000,0.000000000,0.000000000,0.000000000,0.000000000,0.000000000,0.000000000,0.000000000,0.000000000
2026-04-18T06:01:25.122926+00:00,1776492085.122925997,177.918000000,0.163043775,-2.573522889,9.138158622,-1.314806006,-0.388102425,0.034576106,-0.533343025,4.816906831,-7.809727606,-1.409733377,-0.306866597,0.147830886,-5.333430247,48.169068311,-78.097276056,-14.097333770,-3.068665966,1.478308858
2026-04-18T06:01:25.274730+00:00,1776492085.274729967,178.018000000,0.257254017,-0.271634134,8.284073603,-1.100644156,-0.603559871,0.008589285,0.094210241,2.301888756,-0.854085018,0.214161851,-0.215457447,-0.025986822,0.942102412,23.018887558,-8.540850185,2.141618507,-2.154574467,-0.259868217
2026-04-18T06:01:25.431249+00:00,1776492085.431248903,178.120000000,-0.422707659,-2.712543283,7.449880461,-1.323660748,-0.560803335,0.031068221,0.000000000,0.000000000,0.000000000,0.000000000,0.000000000,0.000000000,0.000000000,0.000000000,0.000000000,0.000000000,0.000000000,0.000000000
2026-04-18T06:01:25.598971+00:00,1776492085.598970890,178.220000000,-0.543300462,-1.611180059,7.130882919,-1.337582327,-0.520476549,0.035114798,-0.120592803,1.101363223,-0.318997542,-0.013921578,0.040326786,0.004046578,-1.205928025,11.013632233,-3.189975417,-0.139215784,0.403267857,0.040465776
2026-04-18T06:01:25.813051+00:00,1776492085.813050985,178.300000000,-0.696889002,-2.718412780,6.895479493,-1.305451072,-0.332810437,-0.033764124,-0.153588540,-1.107232721,-0.235403426,0.032131255,0.187666112,-0.068878922,-1.535885399,-11.072327207,-2.354034260,0.321312553,1.876661122,-0.688789220
2026-04-18T06:01:25.976617+00:00,1776492085.976617098,178.402000000,-0.499456472,-1.933683281,7.360890097,-1.290520013,-0.579198085,-0.021966887,0.000000000,0.000000000,0.000000000,0.000000000,0.000000000,0.000000000,0.000000000,0.000000000,0.000000000,0.000000000,0.000000000,0.000000000
2026-04-18T06:01:26.145672+00:00,1776492086.145672083,178.522000000,-0.388064819,-1.927655591,7.461263402,-1.211891785,-0.482260357,-0.011134159,0.000000000,0.000000000,0.000000000,0.000000000,0.000000000,0.000000000,0.000000000,0.000000000,0.000000000,0.000000000,0.000000000,0.000000000
2026-04-18T06:01:26.318409+00:00,1776492086.318408966,178.602000000,-0.248024294,-0.597409168,10.028622646,-0.979083006,-0.637994957,0.102047217,0.140040525,1.330246423,2.567359244,0.232808779,-0.155734599,0.113181376,1.400405251,13.302464232,25.673592437,2.328087790,-1.557345994,1.131813761
2026-04-18T06:01:26.523997+00:00,1776492086.523997068,178.702000000,0.289373965,-1.981820152,7.345962515,-1.233883663,-0.438398461,-0.052758319,0.537398258,-1.384410984,-2.682660130,-0.254800656,0.199596496,-0.154805536,5.373982584,-13.844109844,-26.826601301,-2.548006563,1.995964963,-1.548055357
2026-04-18T06:01:26.685327+00:00,1776492086.685327053,178.806000000,-0.357973973,-2.474804273,7.243510974,-1.188763354,-0.504005880,-0.044271751,0.000000000,0.000000000,0.000000000,0.000000000,0.000000000,0.000000000,0.000000000,0.000000000,0.000000000,0.000000000,0.000000000,0.000000000
2026-04-18T06:01:26.862077+00:00,1776492086.862076998,178.906000000,-0.204974370,-1.855908480,7.473087309,-1.214252789,-0.475499920,0.126117962,0.152999602,0.618895794,0.229576336,-0.025489436,0.028505960,0.170389713,1.529996022,6.188957936,2.295763356,-0.254894355,0.285059597,1.703897134
2026-04-18T06:01:27.044215+00:00,1776492087.044214964,179.016000000,-0.348588883,-2.361208765,7.611778505,-1.256078400,-0.622132706,-0.046336002,0.000000000,0.000000000,0.000000000,0.000000000,0.000000000,0.000000000,0.000000000,0.000000000,0.000000000,0.000000000,0.000000000,0.000000000
2026-04-18T06:01:27.218825+00:00,1776492087.218825102,179.120000000,-0.245707886,-2.311552060,7.643664674,-1.277093792,-0.586625956,0.115177123,0.000000000,0.000000000,0.000000000,0.000000000,0.000000000,0.000000000,0.000000000,0.000000000,0.000000000,0.000000000,0.000000000,0.000000000
2026-04-18T06:01:27.396665+00:00,1776492087.396665096,179.220000000,-0.386186431,-2.050570376,7.610628436,-1.324989047,-0.520633986,0.051248299,-0.140478545,0.260981684,-0.033036238,-0.047895255,0.065991970,-0.063928824,-1.404785453,2.609816841,-0.330362377,-0.478952548,0.659919705,-0.639288238
2026-04-18T06:01:27.552764+00:00,1776492087.552763939,179.320000000,-0.367995212,-2.231908922,7.371548286,-1.219684993,-0.526659010,-0.001033446,0.018191219,-0.181338546,-0.239080150,0.105304054,-0.006025024,-0.052281745,0.181912189,-1.813385462,-2.390801504,1.053040538,-0.060250236,-0.522817447
2026-04-18T06:01:27.717641+00:00,1776492087.717641115,179.420000000,-0.150510994,-2.453405563,7.561881104,-1.335859726,-0.385235857,-0.018457077,0.217484219,-0.221496641,0.190332818,-0.116174733,0.141423153,-0.017423631,2.174842187,-2.214966406,1.903328184,-1.161747330,1.414231526,-0.174236309
2026-04-18T06:01:27.888225+00:00,1776492087.888225079,179.520000000,-0.230049227,-2.370305330,7.610172673,-1.142254913,-0.489356839,-0.021582966,0.000000000,0.000000000,0.000000000,0.000000000,0.000000000,0.000000000,0.000000000,0.000000000,0.000000000,0.000000000,0.000000000,0.000000000
2026-04-18T06:01:28.056987+00:00,1776492088.056987047,179.620000000,-0.351801988,-2.154865471,7.243806023,-1.117976876,-0.391151203,0.000459718,-0.121752761,0.215439858,-0.366366650,0.024278038,0.098205636,0.022042683,-1.217527609,2.154398583,-3.663666499,0.242780377,0.982056365,0.220426834
2026-04-18T06:01:28.230649+00:00,1776492088.230648994,179.720000000,-0.036299200,-1.977357172,7.553752912,-1.372616342,-0.421794253,0.002943187,0.315502788,0.177508299,0.309946889,-0.254639466,-0.030643050,0.002483469,3.155027881,1.775082994,3.099468893,-2.546394661,-0.306430498,0.024834694
2026-04-18T06:01:28.403667+00:00,1776492088.403666973,179.820000000,-0.291921590,-2.072687530,7.543324648,-1.265170558,-0.381291609,-0.004633722,-0.255622391,-0.095330358,-0.010428264,0.107445784,0.040502644,-0.007576909,-2.556223906,-0.953303579,-0.104282639,1.074457840,0.405026436,-0.075769090
2026-04-18T06:01:28.576731+00:00,1776492088.576730967,179.922000000,-0.141338192,-1.951330231,7.796159140,-1.299837282,-0.400256579,-0.055597394,0.000000000,0.000000000,0.000000000,0.000000000,0.000000000,0.000000000,0.000000000,0.000000000,0.000000000,0.000000000,0.000000000,0.000000000
2026-04-18T06:01:28.762402+00:00,1776492088.762402058,180.006000000,-0.186456695,-2.351920271,7.497080976,-1.176796368,-0.649147979,0.075518094,-0.045118503,-0.400590039,-0.299078164,0.123040913,-0.248891399,0.131115488,-0.451185032,-4.005900394,-2.990781643,1.230409132,-2.488913995,1.311154880
2026-04-18T06:01:28.954712+00:00,1776492088.954711914,180.106000000,-0.317386797,-2.150857279,7.480845166,-1.295596884,-0.516769011,0.016720917,-0.130930102,0.201062992,-0.016235810,-0.118800516,0.132378967,-0.058797177,-1.309301024,2.010629917,-0.162358096,-1.188005160,1.323789674,-0.587971770
2026-04-18T06:01:29.159227+00:00,1776492089.159226894,180.206000000,0.008429604,-2.035283756,7.733475857,-1.194278815,-0.359618640,-0.003757040,0.325816401,0.115573523,0.252630690,0.101318070,0.157150372,-0.020477957,3.258164011,1.155735234,2.526306904,1.013180697,1.571503716,-0.204779569
2026-04-18T06:01:29.346735+00:00,1776492089.346735001,180.306000000,-0.213071091,-2.281795143,7.714025630,-1.122573134,-0.508699795,-0.027863712,0.000000000,0.000000000,0.000000000,0.000000000,0.000000000,0.000000000,0.000000000,0.000000000,0.000000000,0.000000000,0.000000000,0.000000000
2026-04-18T06:01:29.560392+00:00,1776492089.560391903,180.406000000,0.351862990,-2.216488945,7.216845828,-1.273197321,-0.438543002,0.045329103,0.564934081,0.065306197,-0.497179802,-0.150624187,0.070156793,0.073192815,5.649340811,0.653061975,-4.971798020,-1.506241871,0.701567933,0.731928151
2026-04-18T06:01:29.759522+00:00,1776492089.759521961,180.506000000,0.125285873,-2.474904136,7.388761425,-1.405897016,-0.450730279,0.038977594,-0.226577117,-0.258415191,0.171915597,-0.132699694,-0.012187277,-0.006351509,-2.265771167,-2.584151906,1.719155969,-1.326996942,-0.121872770,-0.063515087
2026-04-18T06:01:29.976056+00:00,1776492089.976056099,180.606000000,0.205115574,-2.362625457,7.451204692,-1.241460558,-0.351037255,-0.024974683,0.079829701,0.112278679,0.062443267,0.164436458,0.099693024,-0.063952277,0.798297007,1.122786787,0.624432666,1.644364578,0.996930241,-0.639522770
2026-04-18T06:01:30.203290+00:00,1776492090.203289986,180.706000000,0.185107710,-2.097982476,7.292792949,-1.249953042,-0.521623863,0.049436669,-0.020007864,0.264642981,-0.158411742,-0.008492484,-0.170586608,0.074411351,-0.200078636,2.646429814,-1.584117421,-0.084924841,-1.705866085,0.744113514
2026-04-18T06:01:30.420445+00:00,1776492090.420444965,180.806000000,0.424056647,-2.124853707,7.825474864,-1.360462714,-0.405487159,0.047842533,0.000000000,0.000000000,0.000000000,0.000000000,0.000000000,0.000000000,0.000000000,0.000000000,0.000000000,0.000000000,0.000000000,0.000000000
2026-04-18T06:01:30.654490+00:00,1776492090.654489994,180.906000000,0.501399187,-2.216140966,7.504700879,-1.266403061,-0.352727494,0.007385969,0.077342541,-0.091287259,-0.320773985,0.094059654,0.052759664,-0.040456565,0.773425405,-0.912872586,-3.207739848,0.940596537,0.527596640,-0.404565645
2026-04-18T06:01:30.880628+00:00,1776492090.880628109,181.006000000,0.248125650,-2.163444299,7.037094874,-1.341557617,-0.385156595,-0.064186395,-0.253273538,0.052696667,-0.467606005,-0.075154556,-0.032429101,-0.071572364,-2.532735376,0.526966666,-4.676060049,-0.751545565,-0.324291009,-0.715723637
2026-04-18T06:01:31.128230+00:00,1776492091.128230095,181.106000000,0.084600599,-2.514423401,6.991143244,-1.206189193,-0.406428937,0.087496373,-0.163525050,-0.350979102,-0.045951630,0.135368425,-0.021272341,0.151682768,-1.635250504,-3.509791021,-0.459516302,1.353684247,-0.212723415,1.516827679
2026-04-18T06:01:31.384500+00:00,1776492091.384500027,181.206000000,0.279839113,-1.860415655,8.210742082,-1.350879215,-0.451391155,-0.110383152,0.195238514,0.654007747,1.219598838,-0.144690022,-0.044962218,-0.197879525,1.952385136,6.540077465,12.195988379,-1.446900219,-0.449622180,-1.978795253
2026-04-18T06:01:31.616333+00:00,1776492091.616333008,181.306000000,-0.248050339,-2.272973702,7.201187239,-1.104134263,-0.411564982,0.099887077,0.000000000,0.000000000,0.000000000,0.000000000,0.000000000,0.000000000,0.000000000,0.000000000,0.000000000,0.000000000,0.000000000,0.000000000
2026-04-18T06:01:31.855519+00:00,1776492091.855519056,181.406000000,-0.351207326,-3.020384553,7.407659624,-1.021217350,-0.455711611,0.001202712,-0.103156987,-0.747410851,0.206472385,0.082916914,-0.044146629,-0.098684366,-1.031569868,-7.474108509,2.064723847,0.829169138,-0.441466292,-0.986843657
2026-04-18T06:01:32.102430+00:00,1776492092.102430105,181.506000000,-0.270791688,-2.384775837,7.556231674,-1.174018022,-0.413966744,-0.026539924,0.080415638,0.635608716,0.148572051,-0.152800673,0.041744867,-0.027742636,0.804156379,6.356087159,1.485720505,-1.528006726,0.417448667,-0.277426359
2026-04-18T06:01:32.346082+00:00,1776492092.346081972,181.606000000,-0.455966782,-2.702373158,7.229894349,-1.120263108,-0.476472076,-0.007201171,-0.185175093,-0.317597321,-0.326337325,0.053754915,-0.062505332,0.019338753,-1.851750934,-3.175973211,-3.263373249,0.537549147,-0.625053318,0.193387531
2026-04-18T06:01:32.604219+00:00,1776492092.604218960,181.706000000,0.181244624,-2.523563911,7.368185061,-1.018751691,-0.551216985,0.023590319,0.637211405,0.178809247,0.138290712,0.101511416,-0.074744909,0.030791491,6.372114053,1.788092473,1.382907118,1.015114162,-0.747449087,0.307914906
2026-04-18T06:01:32.824614+00:00,1776492092.824614048,181.806000000,-0.409928092,-2.335677894,7.359881850,-1.296399107,-0.473316161,0.051499860,0.000000000,0.000000000,0.000000000,0.000000000,0.000000000,0.000000000,0.000000000,0.000000000,0.000000000,0.000000000,0.000000000,0.000000000
2026-04-18T06:01:33.056862+00:00,1776492093.056862116,181.906000000,-0.303804735,-1.873183703,7.684104046,-1.364262883,-0.469307784,-0.017203977,0.106123357,0.462494191,0.324222196,-0.067863776,0.004008377,-0.068703837,1.061233566,4.624941915,3.242221960,-0.678637759,0.040083769,-0.687038370
2026-04-18T06:01:33.289444+00:00,1776492093.289443970,182.006000000,-0.399969914,-1.697528859,7.656748650,-1.321081459,-0.417530228,0.017403449,-0.096165179,0.175654844,-0.027355397,0.043181424,0.051777556,0.034607426,-0.961651787,1.756548441,-0.273553967,0.431814240,0.517775563,0.346074264
2026-04-18T06:01:33.518931+00:00,1776492093.518930912,182.106000000,-0.162849066,-2.534079907,6.911932167,-1.157252425,-0.401364693,0.035673881,0.237120848,-0.836551048,-0.744816482,0.163829033,0.016165535,0.018270432,2.371208481,-8.365510483,-7.448164823,1.638290333,0.161655354,0.182704316
2026-04-18T06:01:33.765362+00:00,1776492093.765362024,182.206000000,-0.078258471,-2.371633782,7.423399409,-1.238352143,-0.482318156,0.067601952,0.084590595,0.162446125,0.511467241,-0.081099718,-0.080953464,0.031928071,0.845905949,1.624461248,5.114672414,-0.810997177,-0.809534636,0.319280712
2026-04-18T06:01:33.995624+00:00,1776492093.995624065,182.306000000,-0.101996830,-2.812769340,7.428918609,-1.180938171,-0.536944702,-0.020628400,0.000000000,0.000000000,0.000000000,0.000000000,0.000000000,0.000000000,0.000000000,0.000000000,0.000000000,0.000000000,0.000000000,0.000000000
2026-04-18T06:01:34.236905+00:00,1776492094.236905098,182.406000000,-0.039000196,-2.318084297,7.442195976,-1.211676262,-0.451885522,-0.015531015,0.062996633,0.494685043,0.013277366,-0.030738091,0.085059180,0.005097386,0.629966333,4.946850431,0.132773664,-0.307380906,0.850591801,0.050973856
2026-04-18T06:01:34.470494+00:00,1776492094.470494032,182.506000000,-0.197384168,-2.235214786,7.543816045,-1.241895456,-0.587293939,-0.016694040,-0.158383972,0.082869511,0.101620069,-0.030219195,-0.135408417,-0.001163026,-1.583839716,0.828695112,1.016200694,-0.302191946,-1.354084174,-0.011630255
2026-04-18T06:01:34.714417+00:00,1776492094.714416981,182.606000000,-0.428812322,-1.986534385,7.881224743,-1.359879149,-0.545952513,0.091605974,-0.231428154,0.248680401,0.337408698,-0.117983693,0.041341427,0.108300015,-2.314281537,2.486804013,3.374086979,-1.179836928,0.413414266,1.083000147
2026-04-18T06:01:34.957352+00:00,1776492094.957351923,182.706000000,-0.050621188,-1.760486764,7.548897276,-1.214515136,-0.449059446,0.026904143,0.378191134,0.226047621,-0.332327467,0.145364014,0.096893067,-0.064701832,3.781911339,2.260476205,-3.323274668,1.453640137,0.968930667,-0.647018318
2026-04-18T06:01:35.182726+00:00,1776492095.182725906,182.806000000,-0.044517092,-1.873146659,7.843807672,-1.398426784,-0.508704462,0.023209090,0.000000000,0.000000000,0.000000000,0.000000000,0.000000000,0.000000000,0.000000000,0.000000000,0.000000000,0.000000000,0.000000000,0.000000000
2026-04-18T06:01:35.423546+00:00,1776492095.423546076,182.906000000,-0.107849063,-2.406706847,7.747347571,-1.257568898,-0.350278859,-0.027947502,-0.063331971,-0.533560188,-0.096460101,0.140857886,0.158425604,-0.051156592,-0.633319711,-5.335601877,-0.964601006,1.408578863,1.584256035,-0.511565921
2026-04-18T06:01:35.661474+00:00,1776492095.661473989,183.006000000,0.118387731,-2.453175050,7.927451576,-1.252624512,-0.431082309,-0.095084115,0.226236794,-0.046468203,0.180104004,0.004944386,-0.080803450,-0.067136613,2.262367937,-0.464682034,1.801040042,0.049443864,-0.808034500,-0.671366129
2026-04-18T06:01:35.898495+00:00,1776492095.898494959,183.106000000,-0.374516978,-2.387900333,7.074856931,-1.272506699,-0.484208916,-0.071063800,-0.492904708,0.065274717,-0.852594644,-0.019882187,-0.053126607,0.024020315,-4.929047084,0.652747166,-8.525946443,-0.198821870,-0.531266075,0.240203153
2026-04-18T06:01:36.167485+00:00,1776492096.167484999,183.206000000,-0.409645222,-1.992414695,7.716491969,-1.242565703,-0.551842297,0.049508652,-0.035128245,0.395485639,0.641635038,0.029940996,-0.067633380,0.120572452,-0.351282445,3.954856386,6.416350378,0.299409961,-0.676333805,1.205724521
2026-04-18T06:01:36.427717+00:00,1776492096.427716970,183.306000000,-0.510391145,-2.538897511,7.467788906,-1.138916388,-0.553686454,0.008215544,0.000000000,0.000000000,0.000000000,0.000000000,0.000000000,0.000000000,0.000000000,0.000000000,0.000000000,0.000000000,0.000000000,0.000000000
2026-04-18T06:01:36.699429+00:00,1776492096.699429035,183.406000000,-0.174024946,-2.562815018,7.434824685,-1.162869359,-0.472766817,0.063326158,0.336366199,-0.023917507,-0.032964221,-0.023952972,0.080919637,0.055110614,3.363661994,-0.239175070,-0.329642213,-0.239529716,0.809196365,0.551106145
2026-04-18T06:01:36.940973+00:00,1776492096.940973043,183.506000000,-0.213671642,-1.894706595,7.462184651,-1.232031247,-0.469662021,-0.013761105,-0.039646696,0.668108424,0.027359966,-0.069161888,0.003104796,-0.077087263,-0.396466958,6.681084237,0.273599664,-0.691618877,0.031047964,-0.770872626
2026-04-18T06:01:37.173382+00:00,1776492097.173382044,183.606000000,-0.598069960,-2.328661118,7.253677326,-1.214902857,-0.530950167,-0.007583042,-0.384398318,-0.433954524,-0.208507325,0.017128390,-0.061288146,0.006178063,-3.843983180,-4.339545236,-2.085073252,0.171283896,-0.612881458,0.061780628
2026-04-18T06:01:37.413685+00:00,1776492097.413685083,183.706000000,-0.367326412,-2.411693864,7.851288082,-1.217599136,-0.547544903,0.034999960,0.230743548,-0.083032746,0.597610756,-0.002696278,-0.016594737,0.042583001,2.307435481,-0.830327455,5.976107557,-0.026962782,-0.165947367,0.425830014
2026-04-18T06:01:37.635936+00:00,1776492097.635936022,183.806000000,-0.214989579,-2.388119723,7.764542607,-1.165511591,-0.523998828,0.036593907,0.000000000,0.000000000,0.000000000,0.000000000,0.000000000,0.000000000,0.000000000,0.000000000,0.000000000,0.000000000,0.000000000,0.000000000
2026-04-18T06:01:37.897822+00:00,1776492097.897821903,183.906000000,0.243966632,-2.029057148,7.514294302,-1.286722535,-0.475955890,-0.088509519,0.458956211,0.359062575,-0.250248305,-0.121210945,0.048042938,-0.125103425,4.589562106,3.590625746,-2.502483049,-1.212109449,0.480429381,-1.251034254
2026-04-18T06:01:38.153564+00:00,1776492098.153563976,184.006000000,-0.384162324,-2.455238718,7.757187083,-1.210945051,-0.418722733,-0.102720774,-0.628128955,-0.426181571,0.242892781,0.075777485,0.057233157,-0.014211255,-6.281289554,-4.261815706,2.428927813,0.757774845,0.572331572,-0.142112548
2026-04-18T06:01:38.422332+00:00,1776492098.422332048,184.106000000,0.687555501,-3.120272601,6.900735109,-1.124031793,-0.441780856,-0.054508915,1.071717824,-0.665033883,-0.856451974,0.086913258,-0.023058123,0.048211859,10.717178242,-6.650338827,-8.564519738,0.869132583,-0.230581229,0.482118591
2026-04-18T06:01:38.741709+00:00,1776492098.741708994,184.208000000,0.405607735,-1.788780051,7.610076559,-1.260443299,-0.408899417,0.000036212,0.000000000,0.000000000,0.000000000,0.000000000,0.000000000,0.000000000,0.000000000,0.000000000,0.000000000,0.000000000,0.000000000,0.000000000
2026-04-18T06:01:38.997136+00:00,1776492098.997136116,184.308000000,0.117911839,-1.957511257,7.376169303,-1.286490282,-0.565523960,0.021026035,-0.287695896,-0.168731206,-0.233907256,-0.026046983,-0.156624543,0.020989823,-2.876958963,-1.687312064,-2.339072556,-0.260469830,-1.566245429,0.209898230
2026-04-18T06:01:39.270536+00:00,1776492099.270535946,184.408000000,0.039923714,-2.401649150,7.095930389,-1.237665112,-0.428660790,0.010652463,-0.077988125,-0.444137893,-0.280238915,0.048825170,0.136863170,-0.010373572,-0.779881249,-4.441378931,-2.802389146,0.488251703,1.368631700,-0.103735717
2026-04-18T06:01:39.540946+00:00,1776492099.540946007,184.508000000,-0.194239245,-2.192565649,7.169603603,-1.109196312,-0.471352630,0.049301076,0.000000000,0.000000000,0.000000000,0.000000000,0.000000000,0.000000000,0.000000000,0.000000000,0.000000000,0.000000000,0.000000000,0.000000000
2026-04-18T06:01:39.791865+00:00,1776492099.791865110,184.608000000,-0.590801664,-2.689954536,7.490658810,-1.255649539,-0.416106398,0.067353775,-0.396562419,-0.497388886,0.321055207,-0.146453227,0.055246232,0.018052700,-3.965624191,-4.973888862,3.210552067,-1.464532272,0.552462315,0.180526998
2026-04-18T06:01:40.084759+00:00,1776492100.084758997,184.712000000,0.580954664,-2.672558585,6.813357584,-1.548365813,-0.448637929,0.105577713,0.000000000,0.000000000,0.000000000,0.000000000,0.000000000,0.000000000,0.000000000,0.000000000,0.000000000,0.000000000,0.000000000,0.000000000
2026-04-18T06:01:40.331980+00:00,1776492100.331979990,184.812000000,-0.089908826,-2.541674504,7.080650185,-1.143455355,-0.304036919,0.021745137,0.000000000,0.000000000,0.000000000,0.000000000,0.000000000,0.000000000,0.000000000,0.000000000,0.000000000,0.000000000,0.000000000,0.000000000
2026-04-18T06:01:40.583557+00:00,1776492100.583556890,184.912000000,-0.535861666,-1.587898204,7.766465881,-1.417360188,-0.543783355,0.062870632,-0.445952840,0.953776301,0.685815696,-0.273904833,-0.239746435,0.041125495,-4.459528400,9.537763005,6.858156961,-2.739048328,-2.397464350,0.411254948
2026-04-18T06:01:40.819547+00:00,1776492100.819546938,185.016000000,-0.112705485,-2.763799099,7.046583254,-1.383821923,-0.427301605,-0.048518611,0.000000000,0.000000000,0.000000000,0.000000000,0.000000000,0.000000000,0.000000000,0.000000000,0.000000000,0.000000000,0.000000000,0.000000000
2026-04-18T06:01:41.059616+00:00,1776492101.059616089,185.118000000,0.229161232,-2.876500898,7.488293062,-1.067157904,-0.532019136,-0.085053921,0.000000000,0.000000000,0.000000000,0.000000000,0.000000000,0.000000000,0.000000000,0.000000000,0.000000000,0.000000000,0.000000000,0.000000000
2026-04-18T06:01:41.294974+00:00,1776492101.294974089,185.220000000,-0.468021386,-2.855370918,7.317319956,-1.166728427,-0.527955313,-0.063019258,0.000000000,0.000000000,0.000000000,0.000000000,0.000000000,0.000000000,0.000000000,0.000000000,0.000000000,0.000000000,0.000000000,0.000000000
2026-04-18T06:01:41.517904+00:00,1776492101.517904043,185.302000000,-0.444742981,-2.255803564,7.271369662,-1.246707143,-0.401706834,-0.078099774,0.023278404,0.599567354,-0.045950295,-0.079978716,0.126248479,-0.015080516,0.232784041,5.995673540,-0.459502948,-0.799787163,1.262484789,-0.150805155
2026-04-18T06:01:41.752923+00:00,1776492101.752923012,185.404000000,-0.173320282,-1.958821653,7.672322092,-1.428486015,-0.369825066,-0.036225930,0.000000000,0.000000000,0.000000000,0.000000000,0.000000000,0.000000000,0.000000000,0.000000000,0.000000000,0.000000000,0.000000000,0.000000000
2026-04-18T06:01:41.971557+00:00,1776492101.971556902,185.504000000,-0.590274796,-1.966442493,7.598123169,-1.142570544,-0.588241074,-0.072256338,-0.416954513,-0.007620840,-0.074198923,0.285915471,-0.218416007,-0.036030407,-4.169545132,-0.076208402,-0.741989227,2.859154711,-2.184160073,-0.360304074
2026-04-18T06:01:42.182927+00:00,1776492102.182926893,185.604000000,-0.279052119,-2.291696083,7.112039223,-1.178995917,-0.607977527,-0.029084233,0.000000000,0.000000000,0.000000000,0.000000000,0.000000000,0.000000000,0.000000000,0.000000000,0.000000000,0.000000000,0.000000000,0.000000000
2026-04-18T06:01:42.425953+00:00,1776492102.425952911,185.706000000,0.037380108,-1.911280870,7.753365247,-1.397607399,-0.409876364,0.140353623,0.000000000,0.000000000,0.000000000,0.000000000,0.000000000,0.000000000,0.000000000,0.000000000,0.000000000,0.000000000,0.000000000,0.000000000
2026-04-18T06:01:42.669992+00:00,1776492102.669991970,185.806000000,0.131956527,-1.930026123,7.778696493,-1.213547801,-0.444503525,0.004998174,0.000000000,0.000000000,0.000000000,0.000000000,0.000000000,0.000000000,0.000000000,0.000000000,0.000000000,0.000000000,0.000000000,0.000000000
2026-04-18T06:01:42.907734+00:00,1776492102.907733917,185.908000000,-0.017202311,-2.113145572,8.099711889,-1.359293879,-0.365051424,0.000752422,0.000000000,0.000000000,0.000000000,0.000000000,0.000000000,0.000000000,0.000000000,0.000000000,0.000000000,0.000000000,0.000000000,0.000000000
2026-04-18T06:01:43.114595+00:00,1776492103.114594936,186.008000000,0.041435418,-1.890571758,7.867652136,-1.242762139,-0.325610316,0.062924860,0.000000000,0.000000000,0.000000000,0.000000000,0.000000000,0.000000000,0.000000000,0.000000000,0.000000000,0.000000000,0.000000000,0.000000000
2026-04-18T06:01:43.326370+00:00,1776492103.326370001,186.108000000,0.065742928,-2.269920341,7.685225817,-1.206412589,-0.408538173,0.004945487,0.024307510,-0.379348583,-0.182426319,0.036349550,-0.082927857,-0.057979373,0.243075104,-3.793485833,-1.824263194,0.363495500,-0.829278570,-0.579793728
2026-04-18T06:01:43.546123+00:00,1776492103.546123028,186.208000000,-0.056747511,-1.800878876,8.144433891,-0.943721590,-0.616328780,0.014778498,-0.122490440,0.469041465,0.459208074,0.262690999,-0.207790606,0.009833011,-1.224904396,4.690414646,4.592080740,2.626909986,-2.077906064,0.098330113
2026-04-18T06:01:43.775484+00:00,1776492103.775484085,186.308000000,-0.277791157,-2.508413128,7.206406787,-1.104640688,-0.516479557,-0.064223534,-0.221043646,-0.707534252,-0.938027104,-0.160919098,0.099849223,-0.079002032,-2.210436461,-7.075342515,-9.380271038,-1.609190981,0.998492233,-0.790020322
2026-04-18T06:01:44.004850+00:00,1776492104.004849911,186.408000000,0.187360402,-2.330333222,7.452318875,-1.152834407,-0.432968295,0.036176940,0.465151559,0.178079906,0.245912088,-0.048193719,0.083511261,0.100400474,4.651515588,1.780799064,2.459120883,-0.481937186,0.835112612,1.004004744
2026-04-18T06:01:44.237903+00:00,1776492104.237903118,186.508000000,-0.003287442,-2.326554655,8.141006998,-1.150372518,-0.460335336,-0.052354606,0.000000000,0.000000000,0.000000000,0.000000000,0.000000000,0.000000000,0.000000000,0.000000000,0.000000000,0.000000000,0.000000000,0.000000000
2026-04-18T06:01:44.466508+00:00,1776492104.466507912,186.608000000,-0.211704141,-2.917063498,7.277220682,-1.086645294,-0.346942256,0.004477413,-0.208416699,-0.590508843,-0.863786316,0.063727224,0.113393081,0.056832019,-2.084166994,-5.905088428,-8.637863158,0.637272236,1.133930806,0.568320191
2026-04-18T06:01:44.689137+00:00,1776492104.689136982,186.708000000,-0.206597445,-3.269843395,7.487944286,-1.003478065,-0.560750516,0.023074590,0.005106696,-0.352779897,0.210723604,0.083167229,-0.213808260,0.018597177,0.051066963,-3.527798969,2.107236042,0.831672294,-2.138082600,0.185971770
2026-04-18T06:01:44.916205+00:00,1776492104.916204929,186.808000000,-0.426753701,-2.714949231,7.532138638,-1.203626400,-0.485437790,0.046731197,-0.220156257,0.554894164,0.044194352,-0.200148335,0.075312726,0.023656608,-2.201562565,5.548941638,0.441943517,-2.001483347,0.753127256,0.236566077
2026-04-18T06:01:45.142897+00:00,1776492105.142896891,186.908000000,-0.190333944,-2.223430480,7.910218979,-1.310795505,-0.401269346,0.068441181,0.236419757,0.491518751,0.378080342,-0.107169105,0.084168444,0.021709984,2.364197574,4.915187513,3.780803417,-1.071691049,0.841684444,0.217099838
2026-04-18T06:01:45.367801+00:00,1776492105.367800951,187.008000000,-0.159240624,-2.256552633,7.643632199,-1.289601704,-0.413627290,0.037311940,0.000000000,0.000000000,0.000000000,0.000000000,0.000000000,0.000000000,0.000000000,0.000000000,0.000000000,0.000000000,0.000000000,0.000000000
2026-04-18T06:01:45.609733+00:00,1776492105.609733105,187.108000000,-0.069814092,-1.827612337,7.300576521,-1.275355315,-0.390855007,-0.055710892,0.089426532,0.428940296,-0.343055679,0.014246389,0.022772283,-0.093022832,0.894265321,4.289402960,-3.430556785,0.142463887,0.227722832,-0.930228315
2026-04-18T06:01:45.859748+00:00,1776492105.859747887,187.208000000,0.031763891,-2.474940637,7.378394149,-1.203780449,-0.478137940,0.003261208,0.101577983,-0.647328300,0.077817628,0.071574866,-0.087282933,0.058972099,1.015779831,-6.473282996,0.778176280,0.715748661,-0.872829327,0.589720995
2026-04-18T06:01:46.086941+00:00,1776492106.086941004,187.308000000,-0.050019578,-2.220157137,7.609928874,-1.251918671,-0.497118465,-0.094285745,-0.081783469,0.254783499,0.231534726,-0.048138222,-0.018980525,-0.097546953,-0.817834686,2.547834993,2.315347259,-0.481382224,-0.189805249,-0.975469529
2026-04-18T06:01:46.313317+00:00,1776492106.313317060,187.408000000,-0.063079192,-2.071728923,7.070018717,-1.141340158,-0.435854040,0.007894930,-0.013059614,0.148428214,-0.539910158,0.110578513,0.061264425,0.102180675,-0.130596145,1.484282143,-5.399101576,1.105785131,0.612644246,1.021806749
2026-04-18T06:01:46.527025+00:00,1776492106.527024984,187.508000000,0.120780660,-2.158173911,7.529567234,-1.206682014,-0.440344278,-0.055163790,0.000000000,0.000000000,0.000000000,0.000000000,0.000000000,0.000000000,0.000000000,0.000000000,0.000000000,0.000000000,0.000000000,0.000000000
2026-04-18T06:01:46.747006+00:00,1776492106.747005939,187.608000000,-0.344037614,-3.106042214,6.975977191,-0.956273489,-0.538139893,0.020940553,-0.464818274,-0.947868303,-0.553590043,0.250408525,-0.097795615,0.076104343,-4.648182744,-9.478683026,-5.535900429,2.504085250,-0.977956148,0.761043430
2026-04-18T06:01:46.975186+00:00,1776492106.975186110,187.708000000,-1.016137376,-3.403585673,7.239432882,-1.148787611,-0.339941028,-0.024140474,-0.672099761,-0.297543459,0.263455691,-0.192514122,0.198198865,-0.045081027,-6.720997613,-2.975434591,2.634556912,-1.925141218,1.981988646,-0.450810270
2026-04-18T06:01:47.187656+00:00,1776492107.187655926,187.808000000,-0.258651687,-3.110006440,7.333541857,-1.023967877,-0.446550745,-0.008733339,0.757485689,0.293579233,0.094108974,0.124819734,-0.106609717,0.015407134,7.574856889,2.935792328,0.941089742,1.248197340,-1.066097171,0.154071343
2026-04-18T06:01:47.412830+00:00,1776492107.412830114,187.908000000,-0.064389633,-2.304155237,7.529897801,-1.173145108,-0.377387059,-0.021421635,0.194262054,0.805851203,0.196355944,-0.149177231,0.069163687,-0.012688295,1.942620539,8.058512033,1.963559442,-1.491772308,0.691636869,-0.126882954
2026-04-18T06:01:47.631952+00:00,1776492107.631952047,188.008000000,-0.328615670,-1.303634988,7.571593069,-1.566595045,-0.425854637,-0.062706701,0.000000000,0.000000000,0.000000000,0.000000000,0.000000000,0.000000000,0.000000000,0.000000000,0.000000000,0.000000000,0.000000000,0.000000000
2026-04-18T06:01:47.870345+00:00,1776492107.870345116,188.108000000,-0.585460759,-3.116609998,6.893144850,-0.850967101,-0.690873257,0.028264412,-0.256845089,-1.812975010,-0.678448219,0.715627944,-0.265018620,0.090971113,-2.568450887,-18.129750099,-6.784482189,7.156279438,-2.650186199,0.909711135
2026-04-18T06:01:48.126627+00:00,1776492108.126626968,188.210000000,-1.003179163,-3.252784921,7.443498486,-1.605619949,-0.165816027,-0.058007820,0.000000000,0.000000000,0.000000000,0.000000000,0.000000000,0.000000000,0.000000000,0.000000000,0.000000000,0.000000000,0.000000000,0.000000000
2026-04-18T06:01:48.353504+00:00,1776492108.353503942,188.310000000,-1.182601060,-3.797538402,7.268743031,-1.295102652,-0.517001592,-0.081882879,-0.179421897,-0.544753481,-0.174755455,0.310517298,-0.351185565,-0.023875060,-1.794218972,-5.447534815,-1.747554548,3.105172978,-3.511855650,-0.238750596
2026-04-18T06:01:48.595880+00:00,1776492108.595880032,188.412000000,0.387897073,-1.948058542,7.404820295,-0.726228194,-0.810823340,0.032621661,0.000000000,0.000000000,0.000000000,0.000000000,0.000000000,0.000000000,0.000000000,0.000000000,0.000000000,0.000000000,0.000000000,0.000000000
2026-04-18T06:01:48.842817+00:00,1776492108.842817068,188.514000000,0.565506110,-1.187027084,7.884236303,-0.969645152,-0.594094609,-0.080957048,0.000000000,0.000000000,0.000000000,0.000000000,0.000000000,0.000000000,0.000000000,0.000000000,0.000000000,0.000000000,0.000000000,0.000000000
2026-04-18T06:01:49.086955+00:00,1776492109.086955070,188.614000000,-0.553642227,-2.912585932,7.076618916,-0.869139901,-0.622418812,0.060743433,-1.119148336,-1.725558848,-0.807617387,0.100505251,-0.028324204,0.141700480,-11.191483364,-17.255588476,-8.076173872,1.005052508,-0.283242038,1.417004801
2026-04-18T06:01:49.330448+00:00,1776492109.330447912,188.714000000,-0.592798923,-2.916994174,6.995950363,-0.909375240,-0.740693581,-0.030062081,-0.039156697,-0.004408242,-0.080668552,-0.040235339,-0.118274769,-0.090805514,-0.391566968,-0.044082421,-0.806685522,-0.402353392,-1.182747687,-0.908055140
2026-04-18T06:01:49.562591+00:00,1776492109.562591076,188.814000000,-0.730862619,-2.457913719,7.265635376,-1.312467244,-0.280515036,-0.059670608,-0.138063696,0.459080455,0.269685012,-0.403092003,0.460178545,-0.029608526,-1.380636955,4.590804554,2.696850123,-4.030920035,4.601785447,-0.296085261
2026-04-18T06:01:49.823845+00:00,1776492109.823844910,188.914000000,-0.443051912,-3.733334484,6.740159187,-0.710710319,-0.680586091,0.098300565,0.287810707,-1.275420766,-0.525476188,0.601756924,-0.400071055,0.157971173,2.878107074,-12.754207656,-5.254761884,6.017569245,-4.000710546,1.579711730
2026-04-18T06:01:50.063994+00:00,1776492110.063993931,189.014000000,-0.708561783,-3.419148273,6.975313420,-1.518734659,-0.178745068,0.043201279,0.000000000,0.000000000,0.000000000,0.000000000,0.000000000,0.000000000,0.000000000,0.000000000,0.000000000,0.000000000,0.000000000,0.000000000
2026-04-18T06:01:50.314160+00:00,1776492110.314160109,189.114000000,-1.524494691,-3.436665443,7.151354549,-1.234266334,-0.457258854,0.019253653,-0.815932907,-0.017517170,0.176041130,0.284468324,-0.278513787,-0.023947626,-8.159329074,-0.175171702,1.760411296,2.844683241,-2.785137866,-0.239476259
2026-04-18T06:01:50.570118+00:00,1776492110.570117950,189.214000000,0.235557925,-2.636132263,7.351091927,-1.230929457,-0.611509067,0.034446543,1.760052616,0.800533180,0.199737378,0.003336877,-0.154250212,0.015192890,17.600526157,8.005331804,1.997373780,0.033368773,-1.542502123,0.151928902
2026-04-18T06:01:50.806522+00:00,1776492110.806521893,189.314000000,-0.104061585,-2.873864649,7.197246174,-1.193777525,-0.426957743,0.001421122,-0.339619510,-0.237732386,-0.153845753,0.037151932,0.184551323,-0.033025421,-3.396195097,-2.377323857,-1.538457529,0.371519324,1.845513235,-0.330254212
2026-04-18T06:01:51.039814+00:00,1776492111.039813995,189.414000000,-0.283708634,-2.424391518,7.527007118,-1.164718786,-0.437198458,0.070368900,-0.179647049,0.449473130,0.329760943,0.029058739,-0.010240714,0.068947778,-1.796470491,4.494731305,3.297609433,0.290587388,-0.102407143,0.689477782
2026-04-18T06:01:51.296234+00:00,1776492111.296233892,189.514000000,-0.238739427,-1.881634959,7.899315305,-1.430934116,-0.379454913,-0.029437963,0.000000000,0.000000000,0.000000000,0.000000000,0.000000000,0.000000000,0.000000000,0.000000000,0.000000000,0.000000000,0.000000000,0.000000000
2026-04-18T06:01:51.575136+00:00,1776492111.575135946,189.614000000,-0.326152737,-2.055710477,7.496198849,-1.139337829,-0.572719372,0.067765347,-0.087413310,-0.174075518,-0.403116457,0.291596287,-0.193264459,0.097203310,-0.874133099,-1.740755177,-4.031164567,2.915962869,-1.932644586,0.972033099
2026-04-18T06:01:51.862379+00:00,1776492111.862379074,189.714000000,-0.598828328,-3.232944802,7.148768950,-1.232621211,-0.502396705,0.025121354,-0.272675591,-1.177234325,-0.347429899,-0.093283382,0.070322667,-0.042643994,-2.726755908,-11.772343249,-3.474298990,-0.932833820,0.703226670,-0.426439937
2026-04-18T06:01:52.124290+00:00,1776492112.124289989,189.814000000,-0.367517234,-3.359318872,7.164017610,-1.017048983,-0.339183817,0.046018409,0.231311094,-0.126374070,0.015248661,0.215572229,0.163212888,0.020897056,2.313110940,-1.263740704,0.152486608,2.155722286,1.632128875,0.208970556
2026-04-18T06:01:52.396902+00:00,1776492112.396902084,189.914000000,-0.145465827,-2.438315212,7.552198901,-1.189178451,-0.546940290,-0.109216487,0.222051407,0.921003660,0.388181290,-0.172129468,-0.207756473,-0.155234896,2.220514071,9.210036604,3.881812905,-1.721294681,-2.077564730,-1.552348962
2026-04-18T06:01:52.676117+00:00,1776492112.676116943,190.014000000,-0.021403848,-2.466665950,7.313568258,-1.073754152,-0.372873262,0.047700675,0.000000000,0.000000000,0.000000000,0.000000000,0.000000000,0.000000000,0.000000000,0.000000000,0.000000000,0.000000000,0.000000000,0.000000000
2026-04-18T06:01:52.961874+00:00,1776492112.961874008,190.114000000,0.129743718,-1.547657313,7.575954059,-1.116608576,-0.571851945,-0.051301854,0.151147567,0.919008636,0.262385801,-0.042854423,-0.198978683,-0.099002530,1.511475665,9.190086365,2.623858007,-0.428544235,-1.989786832,-0.990025296
2026-04-18T06:01:53.245551+00:00,1776492113.245551109,190.214000000,-0.338638815,-1.415818489,7.693275151,-1.674570863,-0.602552106,-0.020865385,-0.468382533,0.131838824,0.117321092,-0.557962288,-0.030700161,0.030436469,-4.683825333,1.318388238,1.173210920,-5.579622876,-0.307001611,0.304364687
2026-04-18T06:01:53.522990+00:00,1776492113.522989988,190.316000000,-0.222542374,-2.526699115,7.606003023,-1.317454163,-0.531340349,-0.022124208,0.000000000,0.000000000,0.000000000,0.000000000,0.000000000,0.000000000,0.000000000,0.000000000,0.000000000,0.000000000,0.000000000,0.000000000
2026-04-18T06:01:53.794417+00:00,1776492113.794416904,190.416000000,-0.285885723,-2.725837188,7.424800015,-1.152790066,-0.502046983,-0.125845488,-0.063343349,-0.199138073,-0.181203008,0.164664098,0.029293366,-0.103721280,-0.633433490,-1.991380728,-1.812030082,1.646640977,0.292933665,-1.037212801
2026-04-18T06:01:54.071360+00:00,1776492114.071360111,190.516000000,-0.211683834,-3.206867529,7.231683171,-1.266441190,-0.371237521,-0.070048503,0.074201889,-0.481030341,-0.193116844,-0.113651125,0.130809462,0.055796985,0.742018887,-4.810303412,-1.931168438,-1.136511247,1.308094615,0.557969848
2026-04-18T06:01:54.350761+00:00,1776492114.350760937,190.616000000,-0.063429462,-3.018839654,6.927506178,-1.115391690,-0.512039763,-0.079945216,0.000000000,0.000000000,0.000000000,0.000000000,0.000000000,0.000000000,0.000000000,0.000000000,0.000000000,0.000000000,0.000000000,0.000000000
2026-04-18T06:01:54.642215+00:00,1776492114.642215014,190.716000000,-0.188371084,-0.932176755,8.307962188,-1.371482424,-0.554060105,-0.147890185,-0.124941622,2.086662898,1.380456010,-0.256090734,-0.042020342,-0.067944969,-1.249416220,20.866628983,13.804560099,-2.560907336,-0.420203422,-0.679449688
2026-04-18T06:01:54.914318+00:00,1776492114.914318085,190.816000000,-0.163973617,-3.796513939,7.040424720,-1.204714233,-0.442674138,-0.112164734,0.024397467,-2.864337183,-1.267537468,0.166768191,0.111385968,0.035725451,0.243974671,-28.643371832,-12.675374678,1.667681911,1.113859677,0.357254505
2026-04-18T06:01:55.169288+00:00,1776492115.169287920,190.916000000,-0.083313869,-2.709764197,7.734813514,-1.287521732,-0.506325336,-0.069930943,0.080659748,1.086749742,0.694388793,-0.082807499,-0.063651199,0.042233791,0.806597482,10.867497417,6.943887932,-0.828074986,-0.636511987,0.422337911
2026-04-18T06:01:55.412606+00:00,1776492115.412606001,191.016000000,-0.211540745,-2.289912200,7.091726740,-1.184117357,-0.646541959,0.013682575,-0.128226876,0.419851997,-0.643086774,0.103404375,-0.140216623,0.083613518,-1.282268759,4.198519965,-6.430867738,1.034043747,-1.402166229,0.836135183
2026-04-18T06:01:55.659168+00:00,1776492115.659168005,191.116000000,0.327284364,-2.376401962,7.558630664,-1.178631808,-0.583745753,-0.062722012,0.000000000,0.000000000,0.000000000,0.000000000,0.000000000,0.000000000,0.000000000,0.000000000,0.000000000,0.000000000,0.000000000,0.000000000
2026-04-18T06:01:55.918152+00:00,1776492115.918152094,191.216000000,-0.004823807,-2.453498288,7.482821658,-1.259673380,-0.485017717,-0.090430305,-0.332108172,-0.077096325,-0.075809006,-0.081041573,0.098728036,-0.027708293,-3.321081717,-0.770963255,-0.758090062,-0.810415726,0.987280358,-0.277082926
2026-04-18T06:01:56.178741+00:00,1776492116.178740978,191.316000000,-0.203270956,-3.457067091,7.053661596,-1.229616347,-0.479117680,-0.003130046,-0.198447148,-1.003568803,-0.429160062,0.030057034,0.005900037,0.087300258,-1.984471483,-10.035688033,-4.291600617,0.300570336,0.059000370,0.873002584
2026-04-18T06:01:56.463654+00:00,1776492116.463654041,191.416000000,0.124383955,-2.773870304,7.466380751,-1.084000251,-0.336957144,-0.000607222,0.327654911,0.683196787,0.412719155,0.145616095,0.142160536,0.002522825,3.276549107,6.831967867,4.127191548,1.456160954,1.421605356,0.025228246
2026-04-18T06:01:56.741170+00:00,1776492116.741169930,191.518000000,0.068009781,-3.414318889,7.449732114,-1.078161221,-0.449186276,-0.037383186,0.000000000,0.000000000,0.000000000,0.000000000,0.000000000,0.000000000,0.000000000,0.000000000,0.000000000,0.000000000,0.000000000,0.000000000
2026-04-18T06:01:57.027308+00:00,1776492117.027307987,191.618000000,-0.456518770,-2.959212281,7.162157098,-1.488608075,-0.389082932,-0.035546341,-0.524528551,0.455106608,-0.287575016,-0.410446855,0.060103344,0.001836846,-5.245285515,4.551066078,-2.875750162,-4.104468547,0.601033435,0.018368459
2026-04-18T06:01:57.315380+00:00,1776492117.315380096,191.720000000,-0.084569540,-1.458524311,8.240823774,-1.649079219,-0.434860334,-0.033925668,0.000000000,0.000000000,0.000000000,0.000000000,0.000000000,0.000000000,0.000000000,0.000000000,0.000000000,0.000000000,0.000000000,0.000000000
2026-04-18T06:01:57.592977+00:00,1776492117.592977047,191.820000000,-0.637989134,-2.208379764,7.236188561,-1.148683514,-0.499146742,0.013355752,-0.553419595,-0.749855453,-1.004635213,0.500395705,-0.064286408,0.047281420,-5.534195948,-7.498554531,-10.046352133,5.003957049,-0.642864082,0.472814199
2026-04-18T06:01:57.880258+00:00,1776492117.880258083,191.920000000,-0.047804655,-3.467662861,7.245952205,-1.232669331,-0.443175211,-0.083343503,0.590184480,-1.259283097,0.009763644,-0.083985817,0.055971531,-0.096699254,5.901844797,-12.592830975,0.097636438,-0.839858165,0.559715313,-0.966992544
2026-04-18T06:01:58.131905+00:00,1776492118.131905079,192.020000000,-0.080660088,-2.313902252,7.894765421,-1.278972506,-0.345308466,-0.021252396,0.000000000,0.000000000,0.000000000,0.000000000,0.000000000,0.000000000,0.000000000,0.000000000,0.000000000,0.000000000,0.000000000,0.000000000
2026-04-18T06:01:58.382256+00:00,1776492118.382256031,192.120000000,0.454868534,-2.817836397,7.258440034,-1.283279492,-0.469436945,0.051811135,0.535528623,-0.503934144,-0.636325387,-0.004306986,-0.124128479,0.073063531,5.355286226,-5.039341444,-6.363253872,-0.043069859,-1.241284786,0.730635314
2026-04-18T06:01:58.646421+00:00,1776492118.646420956,192.200000000,-0.044489009,-2.212449889,7.642475798,-1.424595900,-0.624358410,-0.046243685,-0.499357543,0.605386508,0.384035763,-0.141316408,-0.154921465,-0.098054820,-4.993575434,6.053865080,3.840357633,-1.413164077,-1.549214652,-0.980548200
2026-04-18T06:01:58.892979+00:00,1776492118.892978907,192.320000000,-0.381851711,-2.635113382,7.192797259,-1.005946871,-0.677832331,-0.035030459,0.000000000,0.000000000,0.000000000,0.000000000,0.000000000,0.000000000,0.000000000,0.000000000,0.000000000,0.000000000,0.000000000,0.000000000
2026-04-18T06:01:59.149976+00:00,1776492119.149976015,192.420000000,-0.879501168,-3.672656851,7.586600857,-1.163049754,-0.613406696,0.015124988,-0.497649457,-1.037543469,0.393803597,-0.157102883,0.064425635,0.050155447,-4.976494567,-10.375434694,3.938035974,-1.571028831,0.644256351,0.501554473
2026-04-18T06:01:59.422882+00:00,1776492119.422882080,192.520000000,-0.392340460,-2.053977465,7.230762947,-1.251478191,-0.548443206,-0.028489153,0.000000000,0.000000000,0.000000000,0.000000000,0.000000000,0.000000000,0.000000000,0.000000000,0.000000000,0.000000000,0.000000000,0.000000000
2026-04-18T06:01:59.706049+00:00,1776492119.706048965,192.620000000,-0.270238450,-2.490966693,7.350371109,-1.130400349,-0.487176658,-0.090619308,0.122102010,-0.436989228,0.119608162,0.121077842,0.061266548,-0.062130155,1.221020100,-4.369892282,1.196081617,1.210778418,0.612665481,-0.621301550
2026-04-18T06:01:59.992036+00:00,1776492119.992036104,192.702000000,0.202999096,-1.928752062,7.557054401,-1.421429549,-0.519328855,-0.098870666,0.473237546,0.562214632,0.206683293,-0.291029201,-0.032152197,-0.008251358,4.732375460,5.622146315,2.066832926,-2.910292005,-0.321521971,-0.082513578
2026-04-18T06:02:00.250483+00:00,1776492120.250483036,192.802000000,-0.432176031,-2.839652474,7.282602850,-1.238835894,-0.532023175,-0.026111444,-0.635175127,-0.910900412,-0.274451551,0.182593656,-0.012694320,0.072759222,-6.351751272,-9.109004118,-2.744515513,1.825936556,-0.126943198,0.727592221
2026-04-18T06:02:00.505170+00:00,1776492120.505170107,192.902000000,-0.176581191,-2.653722223,7.657169158,-1.293475050,-0.566133586,0.002108348,0.255594840,0.185930250,0.374566308,-0.054639156,-0.034110411,0.028219792,2.555948395,1.859302502,3.745663082,-0.546391559,-0.341104109,0.282197918
2026-04-18T06:02:00.766862+00:00,1776492120.766861916,193.002000000,0.039705462,-3.425834310,7.352035192,-1.243093305,-0.449940189,-0.132998712,0.000000000,0.000000000,0.000000000,0.000000000,0.000000000,0.000000000,0.000000000,0.000000000,0.000000000,0.000000000,0.000000000,0.000000000
2026-04-18T06:02:01.017804+00:00,1776492121.017803907,193.104000000,0.113191704,-2.126905202,7.650791143,-0.841493615,-0.552841065,-0.008576208,0.000000000,0.000000000,0.000000000,0.000000000,0.000000000,0.000000000,0.000000000,0.000000000,0.000000000,0.000000000,0.000000000,0.000000000
2026-04-18T06:02:01.271991+00:00,1776492121.271991014,193.204000000,0.109990450,-3.796142897,6.985750488,-1.181485374,-0.509518217,-0.009745424,-0.003201254,-1.669237695,-0.665040656,-0.339991760,0.043322847,-0.001169216,-0.032012537,-16.692376945,-6.650406557,-3.399917598,0.433228473,-0.011692164
2026-04-18T06:02:01.510933+00:00,1776492121.510932922,193.304000000,-0.120969138,-2.194784201,7.684128122,-1.140778322,-0.485562993,-0.028766418,-0.230959587,1.601358696,0.698377634,0.040707053,0.023955224,-0.019020994,-2.309595874,16.013586961,6.983776343,0.407070526,0.239552245,-0.190209937
2026-04-18T06:02:01.762742+00:00,1776492121.762742043,193.404000000,0.235651902,-1.702071895,7.735047624,-1.458598848,-0.676196393,0.012533946,0.356621040,0.492712305,0.050919502,-0.317820527,-0.190633400,0.041300364,3.566210395,4.927123053,0.509195017,-3.178205266,-1.906333997,0.413003640
2026-04-18T06:02:02.051228+00:00,1776492122.051228046,193.504000000,-0.183339551,-0.365105271,8.070562516,-1.314473441,-0.709415564,-0.109556621,-0.418991453,1.336966625,0.335514892,0.144125407,-0.033219172,-0.122090567,-4.189914528,13.369666246,3.355148924,1.441254072,-0.332191715,-1.220905672
2026-04-18T06:02:02.342457+00:00,1776492122.342457056,193.604000000,-0.243063689,-2.166496826,7.423197157,-1.272161852,-0.439766575,0.035907825,0.000000000,0.000000000,0.000000000,0.000000000,0.000000000,0.000000000,0.000000000,0.000000000,0.000000000,0.000000000,0.000000000,0.000000000
2026-04-18T06:02:02.654215+00:00,1776492122.654215097,193.704000000,-0.217621489,-2.476366459,7.577779744,-1.224182387,-0.604106098,-0.037567715,0.025442200,-0.309869634,0.154582587,0.047979465,-0.164339523,-0.073475540,0.254421999,-3.098696335,1.545825872,0.479794647,-1.643395229,-0.734755400
2026-04-18T06:02:02.936671+00:00,1776492122.936671019,193.804000000,0.377141399,-2.123527793,7.036126676,-0.975270548,-0.626171629,0.015394182,0.594762888,0.352838666,-0.541653068,0.248911839,-0.022065532,0.052961897,5.947628881,3.528386665,-5.416530680,2.489118394,-0.220655316,0.529618969
2026-04-18T06:02:03.200975+00:00,1776492123.200974941,193.904000000,-0.269407983,-2.188346042,7.679218871,-1.364661869,-0.560858408,-0.056090008,-0.646549382,-0.064818249,0.643092195,-0.389391321,0.065313221,-0.071484190,-6.465493823,-0.648182489,6.430921952,-3.893913211,0.653132209,-0.714841900
2026-04-18T06:02:03.465135+00:00,1776492123.465135098,194.006000000,0.282264548,-7.066485653,20.540391981,0.283426357,-0.068976209,0.021924234,0.000000000,0.000000000,0.000000000,0.000000000,0.000000000,0.000000000,0.000000000,0.000000000,0.000000000,0.000000000,0.000000000,0.000000000
2026-04-18T06:02:03.731471+00:00,1776492123.731471062,194.106000000,0.096864577,-8.436527174,20.999202661,0.290788641,-0.054490916,0.039384021,-0.185399971,-1.370041521,0.458810680,0.007362284,0.014485293,0.017459787,-1.853999715,-13.700415213,4.588106803,0.073622842,0.144852932,0.174597874
2026-04-18T06:02:04.005575+00:00,1776492124.005574942,194.208000000,0.065993059,-7.781983132,19.464909846,0.090717943,-0.043964973,-0.084500045,0.000000000,0.000000000,0.000000000,0.000000000,0.000000000,0.000000000,0.000000000,0.000000000,0.000000000,0.000000000,0.000000000,0.000000000
2026-04-18T06:02:04.228500+00:00,1776492124.228499889,194.308000000,0.347439561,-7.331165125,19.286729394,0.077509938,-0.128077323,0.004222547,0.281446503,0.450818007,-0.178180451,-0.013208005,-0.084112350,0.088722591,2.814465027,4.508180069,-1.781804514,-0.132080050,-0.841123501,0.887225913
2026-04-18T06:02:04.470017+00:00,1776492124.470016956,194.412000000,0.502800702,-7.606866251,18.921285376,0.069814416,-0.126002339,0.025352151,0.000000000,0.000000000,0.000000000,0.000000000,0.000000000,0.000000000,0.000000000,0.000000000,0.000000000,0.000000000,0.000000000,0.000000000
2026-04-18T06:02:04.704001+00:00,1776492124.704000950,194.516000000,0.398478583,-7.343969161,19.206918093,0.052955931,-0.121893773,-0.119195149,0.000000000,0.000000000,0.000000000,0.000000000,0.000000000,0.000000000,0.000000000,0.000000000,0.000000000,0.000000000,0.000000000,0.000000000
2026-04-18T06:02:04.927819+00:00,1776492124.927819014,194.616000000,0.137715694,-7.013303007,18.968174223,0.010965331,-0.086912270,-0.024469175,0.000000000,0.000000000,0.000000000,0.000000000,0.000000000,0.000000000,0.000000000,0.000000000,0.000000000,0.000000000,0.000000000,0.000000000
2026-04-18T06:02:05.183558+00:00,1776492125.183557987,194.716000000,0.019978122,-7.519260696,19.054741384,0.076411710,-0.181582751,0.017196887,-0.117737572,-0.505957689,0.086567162,0.065446379,-0.094670481,0.041666062,-1.177375716,-5.059576892,0.865671616,0.654463791,-0.946704806,0.416660621
2026-04-18T06:02:05.399772+00:00,1776492125.399771929,194.816000000,0.446960841,-7.447315405,19.205296144,0.071850244,-0.072286415,0.020671081,0.426982719,0.071945290,0.150554760,-0.004561466,0.109296336,0.003474194,4.269827186,0.719452905,1.505547598,-0.045614659,1.092963361,0.034741936
2026-04-18T06:02:05.607674+00:00,1776492125.607673883,194.916000000,0.158080954,-7.188456202,19.327294022,-0.039146604,-0.113299871,-0.024614529,-0.288879887,0.258859203,0.121997877,-0.110996848,-0.041013456,-0.045285609,-2.888798866,2.588592033,1.219978774,-1.109968483,-0.410134560,-0.452856092
2026-04-18T06:02:05.820037+00:00,1776492125.820036888,195.018000000,0.383798166,-7.447739899,19.214285623,0.050795781,-0.099779787,-0.077203607,0.000000000,0.000000000,0.000000000,0.000000000,0.000000000,0.000000000,0.000000000,0.000000000,0.000000000,0.000000000,0.000000000,0.000000000
2026-04-18T06:02:06.052143+00:00,1776492126.052143097,195.120000000,0.485065693,-7.391913442,19.251053580,0.108620763,-0.093274658,0.052342498,0.000000000,0.000000000,0.000000000,0.000000000,0.000000000,0.000000000,0.000000000,0.000000000,0.000000000,0.000000000,0.000000000,0.000000000
2026-04-18T06:02:06.292840+00:00,1776492126.292840004,195.220000000,-0.150566924,-7.444481232,19.117622848,-0.003480295,-0.055093760,0.026241908,-0.635632617,-0.052567790,-0.133430733,-0.112101058,0.038180898,-0.026100590,-6.356326169,-0.525677899,-1.334307327,-1.121010580,0.381808982,-0.261005902
2026-04-18T06:02:06.498281+00:00,1776492126.498281002,195.302000000,0.280600585,-7.381667342,19.270398258,0.142346989,-0.174120751,-0.016263847,0.431167509,0.062813890,0.152775410,0.145827284,-0.119026991,-0.042505755,4.311675089,0.628138897,1.527754100,1.458272842,-1.190269910,-0.425057548
2026-04-18T06:02:06.715031+00:00,1776492126.715030909,195.402000000,0.220920855,-7.376503352,18.766622701,0.084895199,-0.153181448,0.045226199,-0.059679730,0.005163990,-0.503775557,-0.057451790,0.020939303,0.061490046,-0.596797297,0.051639900,-5.037755570,-0.574517902,0.209393031,0.614900460
2026-04-18T06:02:06.931543+00:00,1776492126.931543112,195.504000000,0.325955223,-7.895392615,19.209588599,0.010915194,-0.105128702,-0.028355527,0.000000000,0.000000000,0.000000000,0.000000000,0.000000000,0.000000000,0.000000000,0.000000000,0.000000000,0.000000000,0.000000000,0.000000000
2026-04-18T06:02:07.138293+00:00,1776492127.138293028,195.604000000,0.515373291,-7.340510812,19.126728305,0.066574852,-0.127352585,0.017924570,0.000000000,0.000000000,0.000000000,0.000000000,0.000000000,0.000000000,0.000000000,0.000000000,0.000000000,0.000000000,0.000000000,0.000000000
2026-04-18T06:02:07.393841+00:00,1776492127.393841028,195.704000000,0.494623153,-7.580895759,19.262644503,0.124792060,-0.069669881,-0.029521055,-0.020750137,-0.240384947,0.135916198,0.058217208,0.057682704,-0.047445624,-0.207501374,-2.403849473,1.359161981,0.582172080,0.576827041,-0.474456244
2026-04-18T06:02:07.621362+00:00,1776492127.621361971,195.808000000,0.368251732,-7.413712686,19.055399771,0.060503539,-0.008588825,-0.020477737,0.000000000,0.000000000,0.000000000,0.000000000,0.000000000,0.000000000,0.000000000,0.000000000,0.000000000,0.000000000,0.000000000,0.000000000
2026-04-18T06:02:07.830569+00:00,1776492127.830569029,195.908000000,0.124529500,-7.188855255,18.889413637,-0.007045532,-0.156982091,-0.076024480,-0.243722231,0.224857431,-0.165986134,-0.067549071,-0.148393266,-0.055546742,-2.437222315,2.248574311,-1.659861340,-0.675490707,-1.483932662,-0.555467424
2026-04-18T06:02:08.048314+00:00,1776492128.048314095,196.008000000,0.359400985,-7.584590651,19.431341627,0.094572646,-0.107153029,-0.051099252,0.000000000,0.000000000,0.000000000,0.000000000,0.000000000,0.000000000,0.000000000,0.000000000,0.000000000,0.000000000,0.000000000,0.000000000
2026-04-18T06:02:08.278254+00:00,1776492128.278254032,196.108000000,0.130795546,-7.774401467,18.966610485,0.110587875,-0.197774939,0.002980044,-0.228605439,-0.189810816,-0.464731141,0.016015229,-0.090621909,0.054079296,-2.286054388,-1.898108157,-4.647311414,0.160152286,-0.906219094,0.540792957
2026-04-18T06:02:08.500599+00:00,1776492128.500598907,196.208000000,-0.057839169,-7.322684128,19.213710090,0.062075020,-0.118939695,-0.008589895,-0.188634715,0.451717339,0.247099605,-0.048512855,0.078835244,-0.011569939,-1.886347154,4.517173395,2.470996048,-0.485128553,0.788352440,-0.115699386
2026-04-18T06:02:08.706754+00:00,1776492128.706753969,196.308000000,0.066084985,-7.281832646,18.942046151,0.089781607,-0.130999624,0.046400557,0.123924154,0.040851481,-0.271663940,0.027706587,-0.012059929,0.054990452,1.239241542,0.408514811,-2.716639397,0.277065870,-0.120599295,0.549904518
2026-04-18T06:02:08.923693+00:00,1776492128.923692942,196.408000000,0.248655414,-7.437431730,19.341816004,-0.007072196,-0.035190279,-0.040866783,0.182570429,-0.155599083,0.399769854,-0.096853803,0.095809346,-0.087267340,1.825704287,-1.555990835,3.997698538,-0.968538032,0.958093456,-0.872673401
2026-04-18T06:02:09.133385+00:00,1776492129.133384943,196.508000000,0.301809653,-6.904676404,16.613700779,0.023370933,-0.095432178,-0.039792189,0.000000000,0.000000000,0.000000000,0.000000000,0.000000000,0.000000000,0.000000000,0.000000000,0.000000000,0.000000000,0.000000000,0.000000000
2026-04-18T06:02:09.326982+00:00,1776492129.326982021,196.608000000,0.521101858,-7.459822138,17.498255629,0.202143319,-0.099623246,-0.021668436,0.219292205,-0.555145733,0.884554849,0.178772387,-0.004191068,0.018123753,2.192922047,-5.551457335,8.845548494,1.787723868,-0.041910678,0.181237531
2026-04-18T06:02:09.506891+00:00,1776492129.506891012,196.708000000,-0.215271055,-2.592408775,8.505728849,-0.933565543,-0.450918478,0.036079831,-0.736372913,4.867413363,-8.992526780,-1.135708863,-0.351295232,0.057748266,-7.363729128,48.674133628,-89.925267803,-11.357088628,-3.512952322,0.577482664
2026-04-18T06:02:09.668141+00:00,1776492129.668140888,196.808000000,-0.540755956,-2.488780724,7.673485779,-1.069070883,-0.461722866,0.032782015,-0.325484901,0.103628051,-0.832243069,-0.135505340,-0.010804388,-0.003297815,-3.254849007,1.036280512,-8.322430694,-1.355053400,-0.108043876,-0.032978151
2026-04-18T06:02:09.852446+00:00,1776492129.852446079,196.908000000,-0.436880597,-2.061622626,7.658449292,-1.192281737,-0.485134422,0.043015834,0.103875359,0.427158098,-0.015036487,-0.123210853,-0.023411556,0.010233819,1.038753589,4.271580975,-0.150364874,-1.232108532,-0.234115564,0.102338189
2026-04-18T06:02:10.013119+00:00,1776492130.013118982,197.008000000,-0.132416708,-2.084664896,7.145408670,-1.147275658,-0.341453868,-0.093681147,0.000000000,0.000000000,0.000000000,0.000000000,0.000000000,0.000000000,0.000000000,0.000000000,0.000000000,0.000000000,0.000000000,0.000000000
2026-04-18T06:02:10.176344+00:00,1776492130.176343918,197.110000000,-0.185426150,-2.308971864,7.442245846,-1.285537403,-0.503760060,-0.006061311,0.000000000,0.000000000,0.000000000,0.000000000,0.000000000,0.000000000,0.000000000,0.000000000,0.000000000,0.000000000,0.000000000,0.000000000
2026-04-18T06:02:10.388297+00:00,1776492130.388297081,197.212000000,-0.752432715,-2.582562835,6.994750838,-1.119335811,-0.593157255,0.009040854,0.000000000,0.000000000,0.000000000,0.000000000,0.000000000,0.000000000,0.000000000,0.000000000,0.000000000,0.000000000,0.000000000,0.000000000
2026-04-18T06:02:10.561553+00:00,1776492130.561553001,197.314000000,-0.391917269,-2.904394937,7.037133567,-1.179382805,-0.471519147,0.065132962,0.000000000,0.000000000,0.000000000,0.000000000,0.000000000,0.000000000,0.000000000,0.000000000,0.000000000,0.000000000,0.000000000,0.000000000
2026-04-18T06:02:10.748583+00:00,1776492130.748583078,197.416000000,-0.268754443,-2.346741028,6.915287455,-1.086855278,-0.521779009,-0.048851338,0.000000000,0.000000000,0.000000000,0.000000000,0.000000000,0.000000000,0.000000000,0.000000000,0.000000000,0.000000000,0.000000000,0.000000000
2026-04-18T06:02:10.950987+00:00,1776492130.950987101,197.516000000,-0.441715158,-2.418336696,7.324472021,-1.147031228,-0.409663534,-0.014725683,-0.172960715,-0.071595669,0.409184566,-0.060175950,0.112115475,0.034125655,-1.729607149,-0.715956689,4.091845657,-0.601759495,1.121154751,0.341256548
2026-04-18T06:02:11.151168+00:00,1776492131.151168108,197.616000000,-0.671194571,-2.239524786,7.140837478,-1.160558761,-0.502218520,0.049259262,0.000000000,0.000000000,0.000000000,0.000000000,0.000000000,0.000000000,0.000000000,0.000000000,0.000000000,0.000000000,0.000000000,0.000000000
2026-04-18T06:02:11.384598+00:00,1776492131.384598017,197.718000000,0.854425703,-0.737962638,8.531268518,-1.151182428,-0.528941501,-0.039282234,0.000000000,0.000000000,0.000000000,0.000000000,0.000000000,0.000000000,0.000000000,0.000000000,0.000000000,0.000000000,0.000000000,0.000000000
2026-04-18T06:02:11.581163+00:00,1776492131.581162930,197.818000000,-1.234650473,-3.466913276,7.120919467,-1.182667072,-0.676008309,0.017527007,0.000000000,0.000000000,0.000000000,0.000000000,0.000000000,0.000000000,0.000000000,0.000000000,0.000000000,0.000000000,0.000000000,0.000000000
2026-04-18T06:02:11.794375+00:00,1776492131.794374943,197.918000000,-0.394470204,-1.974321877,7.315661268,-1.339367498,-0.383725380,0.078017107,0.840180269,1.492591399,0.194741801,-0.156700426,0.292282929,0.060490100,8.401802693,14.925913992,1.947418008,-1.567004259,2.922829285,0.604900996
2026-04-18T06:02:11.989778+00:00,1776492131.989778042,198.018000000,-1.123418945,-2.968410312,7.180310447,-1.406668693,-0.420989032,-0.045948921,-0.728948741,-0.994088435,-0.135350821,-0.067301195,-0.037263652,-0.123966028,-7.289487409,-9.940884354,-1.353508207,-0.673011945,-0.372636525,-1.239660275
2026-04-18T06:02:12.196936+00:00,1776492132.196935892,198.118000000,-0.970836876,-2.556545121,6.764398068,-1.091180199,-0.600515752,-0.058451990,0.152582069,0.411865191,-0.415912379,0.315488494,-0.179526720,-0.012503069,1.525820688,4.118651915,-4.159123795,3.154884938,-1.795267199,-0.125030690
2026-04-18T06:02:12.418179+00:00,1776492132.418179035,198.218000000,0.157583238,-2.133898776,7.723109358,-1.305369751,-0.434898104,-0.007450584,1.128420114,0.422646344,0.958711290,-0.214189552,0.165617649,0.051001405,11.284201135,4.226463445,9.587112902,-2.141895522,1.656176488,0.510014054
2026-04-18T06:02:12.621688+00:00,1776492132.621687889,198.318000000,-0.785397813,-1.963587374,7.971208104,-1.781365970,-0.149917146,0.004096451,0.000000000,0.000000000,0.000000000,0.000000000,0.000000000,0.000000000,0.000000000,0.000000000,0.000000000,0.000000000,0.000000000,0.000000000
2026-04-18T06:02:12.855488+00:00,1776492132.855488062,198.420000000,-0.424436168,-1.254993480,8.147107177,-1.338869182,-0.446541598,-0.019935870,0.000000000,0.000000000,0.000000000,0.000000000,0.000000000,0.000000000,0.000000000,0.000000000,0.000000000,0.000000000,0.000000000,0.000000000
2026-04-18T06:02:13.084979+00:00,1776492133.084979057,198.520000000,-0.344471905,-1.884491683,7.541879024,-1.291522437,-0.543047257,-0.067295080,0.000000000,0.000000000,0.000000000,0.000000000,0.000000000,0.000000000,0.000000000,0.000000000,0.000000000,0.000000000,0.000000000,0.000000000
2026-04-18T06:02:13.304288+00:00,1776492133.304287910,198.620000000,-0.492969504,-1.926216607,7.298259447,-1.264656248,-0.507553309,-0.106361117,-0.148497599,-0.041724924,-0.243619576,0.026866188,0.035493948,-0.039066037,-1.484975988,-0.417249237,-2.436195763,0.268661884,0.354939482,-0.390660370
2026-04-18T06:02:13.540900+00:00,1776492133.540899992,198.720000000,-0.024004277,-2.325027806,7.196230172,-1.167520377,-0.517039136,-0.011815823,0.468965227,-0.398811199,-0.102029275,0.097135871,-0.009485827,0.094545294,4.689652269,-3.988111988,-1.020292751,0.971358714,-0.094858271,0.945452938
2026-04-18T06:02:13.775569+00:00,1776492133.775568962,198.802000000,-0.287747423,-1.898621533,7.959450999,-1.260927017,-0.510823201,-0.035863200,-0.263743147,0.426406273,0.763220827,-0.093406640,0.006215935,-0.024047377,-2.637431467,4.264062728,7.632208268,-0.934066401,0.062159347,-0.240473768
2026-04-18T06:02:14.035201+00:00,1776492134.035201073,198.902000000,0.052764078,-2.243976508,7.438656486,-1.219777028,-0.493823424,-0.020765785,0.340511501,-0.345354975,-0.520794513,0.041149989,0.016999777,0.015097414,3.405115010,-3.453549745,-5.207945129,0.411499894,0.169997770,0.150974145
2026-04-18T06:02:14.292621+00:00,1776492134.292620897,199.002000000,-0.092846172,-2.303945009,7.341547841,-1.202320221,-0.570353631,-0.024376917,0.000000000,0.000000000,0.000000000,0.000000000,0.000000000,0.000000000,0.000000000,0.000000000,0.000000000,0.000000000,0.000000000,0.000000000
2026-04-18T06:02:14.545526+00:00,1776492134.545526028,199.122000000,-0.297725748,-2.386044616,7.598693738,-1.266094356,-0.473179877,0.056885377,0.000000000,0.000000000,0.000000000,0.000000000,0.000000000,0.000000000,0.000000000,0.000000000,0.000000000,0.000000000,0.000000000,0.000000000
2026-04-18T06:02:14.807178+00:00,1776492134.807178020,199.202000000,-0.386568424,-2.404902734,7.440934176,-1.283582326,-0.621129480,-0.028047237,-0.088842677,-0.018858118,-0.157759561,-0.017487971,-0.147949603,-0.084932614,-0.888426765,-0.188581180,-1.577595615,-0.174879707,-1.479496026,-0.849326142
2026-04-18T06:02:15.043418+00:00,1776492135.043417931,199.302000000,-0.457959374,-1.869193852,7.979088503,-1.339902273,-0.526480697,-0.059210319,-0.071390950,0.535708882,0.538154327,-0.056319946,0.094648783,-0.031163082,-0.713909498,5.357088825,5.381543271,-0.563199463,0.946487828,-0.311630822
2026-04-18T06:02:15.298878+00:00,1776492135.298877954,199.402000000,0.351520054,-2.147323879,7.721593233,-1.293028879,-0.496504983,-0.104959617,0.809479427,-0.278130027,-0.257495270,0.046873393,0.029975714,-0.045749298,8.094794275,-2.781300272,-2.574952703,0.468733934,0.299757142,-0.457492982
2026-04-18T06:02:15.542251+00:00,1776492135.542251110,199.502000000,-0.020108113,-2.275586983,7.265274694,-1.335574334,-0.489228154,0.024118425,0.000000000,0.000000000,0.000000000,0.000000000,0.000000000,0.000000000,0.000000000,0.000000000,0.000000000,0.000000000,0.000000000,0.000000000
2026-04-18T06:02:15.787261+00:00,1776492135.787261009,199.602000000,-0.520204968,-1.543825556,7.480560641,-1.227274682,-0.598095143,-0.011467492,-0.500096856,0.731761427,0.215285947,0.108299652,-0.108866989,-0.035585917,-5.000968557,7.317614269,2.152859470,1.082996525,-1.088669889,-0.355859171
2026-04-18T06:02:16.028927+00:00,1776492136.028927088,199.702000000,-0.269392733,-2.128959551,7.434623803,-1.259593697,-0.584650281,0.002091831,0.250812235,-0.585133995,-0.045936838,-0.032319015,0.013444862,0.013559323,2.508122350,-5.851339947,-0.459368381,-0.323190149,0.134448622,0.135593230
2026-04-18T06:02:16.272231+00:00,1776492136.272231102,199.802000000,-0.343605917,-2.431755990,7.373823655,-1.236310909,-0.529062235,-0.072220491,-0.074213184,-0.302796440,-0.060800148,0.023282787,0.055588046,-0.074312322,-0.742131837,-3.027964396,-0.608001481,0.232827873,0.555880461,-0.743123223
2026-04-18T06:02:16.525434+00:00,1776492136.525434017,199.902000000,-0.254945263,-1.848262479,7.435968842,-1.317771596,-0.461622327,0.019374313,0.088660654,0.583493511,0.062145187,-0.081460686,0.067439908,0.091594804,0.886606538,5.834935109,0.621451871,-0.814606863,0.674399076,0.915948041
2026-04-18T06:02:16.765781+00:00,1776492136.765780926,200.002000000,-0.473878207,-2.242793027,7.630378679,-1.262307217,-0.430776267,0.030697736,0.000000000,0.000000000,0.000000000,0.000000000,0.000000000,0.000000000,0.000000000,0.000000000,0.000000000,0.000000000,0.000000000,0.000000000
2026-04-18T06:02:17.013272+00:00,1776492137.013272047,200.102000000,-0.282264611,-2.067038610,7.083225779,-1.239947994,-0.504245957,-0.046623906,0.191613596,0.175754417,-0.547152900,0.022359223,-0.073469690,-0.077321642,1.916135963,1.757544167,-5.471529000,0.223592229,-0.734696902,-0.773216417
2026-04-18T06:02:17.274368+00:00,1776492137.274368048,200.202000000,-0.268761912,-2.259154094,7.640453629,-1.163521368,-0.423515704,-0.054203925,0.013502699,-0.192115484,0.557227850,0.076426626,0.080730253,-0.007580019,0.135026990,-1.921154838,5.572278504,0.764266258,0.807302534,-0.075800191
2026-04-18T06:02:17.510760+00:00,1776492137.510760069,200.302000000,-0.251145107,-2.202879134,7.521135884,-1.312597101,-0.440243873,-0.008441454,0.017616805,0.056274960,-0.119317746,-0.149075732,-0.016728170,0.045762471,0.176168046,0.562749601,-1.193177458,-1.490757324,-0.167281698,0.457624715
2026-04-18T06:02:17.763099+00:00,1776492137.763098955,200.402000000,-0.012580280,-2.355164277,7.733858900,-1.396937874,-0.446924464,-0.069516149,0.238564828,-0.152285143,0.212723017,-0.084340773,-0.006680590,-0.061074695,2.385648278,-1.522851433,2.127230169,-0.843407730,-0.066805905,-0.610746952
2026-04-18T06:02:18.007220+00:00,1776492138.007220030,200.504000000,-0.390642532,-1.960243049,7.897701587,-1.395281239,-0.508536914,-0.021637594,0.000000000,0.000000000,0.000000000,0.000000000,0.000000000,0.000000000,0.000000000,0.000000000,0.000000000,0.000000000,0.000000000,0.000000000
2026-04-18T06:02:18.258211+00:00,1776492138.258210897,200.604000000,-0.159386327,-2.293020830,7.842301868,-1.183481054,-0.572709970,0.069312706,0.000000000,0.000000000,0.000000000,0.000000000,0.000000000,0.000000000,0.000000000,0.000000000,0.000000000,0.000000000,0.000000000,0.000000000
2026-04-18T06:02:18.515678+00:00,1776492138.515677929,200.704000000,-0.317210515,-1.697183433,7.648907337,-1.462857513,-0.462321940,-0.050180783,-0.157824188,0.595837397,-0.193394530,-0.279376458,0.110388030,-0.119493489,-1.578241883,5.958373967,-1.933945304,-2.793764582,1.103880296,-1.194934886
2026-04-18T06:02:18.748092+00:00,1776492138.748091936,200.804000000,-0.062610516,-1.900054185,8.165467870,-1.332185866,-0.481656265,-0.007694745,0.254600000,-0.202870752,0.516560533,0.130671647,-0.019334324,0.042486037,2.545999997,-2.028707522,5.165605333,1.306716470,-0.193343244,0.424860375
2026-04-18T06:02:18.991691+00:00,1776492138.991691113,200.904000000,-0.437301575,-2.037445162,7.577214239,-1.210032062,-0.509152990,-0.089861771,-0.374691059,-0.137390977,-0.588253632,0.122153804,-0.027496726,-0.082167026,-3.746910594,-1.373909771,-5.882536316,1.221538039,-0.274967255,-0.821670257
2026-04-18T06:02:19.235799+00:00,1776492139.235799074,201.004000000,0.019644438,-1.847594430,7.658419993,-1.194764906,-0.491824713,-0.080271333,0.456946013,0.189850732,0.081205754,0.015267156,0.017328277,0.009590438,4.569460131,1.898507320,0.812057539,0.152671558,0.173282766,0.095904378
2026-04-18T06:02:19.481979+00:00,1776492139.481978893,201.104000000,-0.077644979,-2.088647179,7.599603872,-1.285915547,-0.595836608,-0.060589203,0.000000000,0.000000000,0.000000000,0.000000000,0.000000000,0.000000000,0.000000000,0.000000000,0.000000000,0.000000000,0.000000000,0.000000000
2026-04-18T06:02:19.733272+00:00,1776492139.733272076,201.204000000,0.217987447,-1.657497668,7.759921851,-1.230358644,-0.433132986,0.033937139,0.295632426,0.431149511,0.160317980,0.055556903,0.162703623,0.094526342,2.956324259,4.311495111,1.603179796,0.555569027,1.627036227,0.945263420
2026-04-18T06:02:19.974353+00:00,1776492139.974353075,201.304000000,-0.174584122,-2.036339201,7.658976574,-1.281543437,-0.604469732,-0.039266497,-0.392571569,-0.378841533,-0.100945278,-0.051184792,-0.171336746,-0.073203636,-3.925715686,-3.788415330,-1.009452778,-0.511847922,-1.713367464,-0.732036358
2026-04-18T06:02:20.227980+00:00,1776492140.227979898,201.404000000,-0.147876930,-2.116546640,7.463462242,-1.272761420,-0.549075937,0.035015804,0.026707191,-0.080207439,-0.195514332,0.008782016,0.055393795,0.074282300,0.267071913,-0.802074386,-1.955143319,0.087820163,0.553937950,0.742823003
2026-04-18T06:02:20.481884+00:00,1776492140.481884003,201.504000000,-0.355118033,-2.514173245,7.322447955,-1.292101242,-0.516806878,-0.021228641,-0.207241103,-0.397626605,-0.141014286,-0.019339821,0.032269059,-0.056244444,-2.072411027,-3.976266052,-1.410142861,-0.193398214,0.322690588,-0.562444443
2026-04-18T06:02:20.729836+00:00,1776492140.729835987,201.604000000,-0.299088566,-2.156469721,7.453184389,-1.213850282,-0.507425803,-0.024350831,0.000000000,0.000000000,0.000000000,0.000000000,0.000000000,0.000000000,0.000000000,0.000000000,0.000000000,0.000000000,0.000000000,0.000000000
2026-04-18T06:02:20.983581+00:00,1776492140.983581066,201.704000000,-0.237640443,-2.676972837,7.339499825,-1.180465445,-0.572532564,-0.104118959,0.061448123,-0.520503117,-0.113684564,0.033384837,-0.065106761,-0.079768128,0.614481228,-5.205031166,-1.136845637,0.333848369,-0.651067607,-0.797681276
2026-04-18T06:02:21.243301+00:00,1776492141.243300915,201.804000000,-0.173352117,-2.100391000,8.020422199,-1.316821893,-0.529430852,-0.029689432,0.064288326,0.576581837,0.680922374,-0.136356447,0.043101712,0.074429527,0.642883263,5.765818374,6.809223739,-1.363564473,0.431017118,0.744295266
2026-04-18T06:02:21.488837+00:00,1776492141.488837004,201.904000000,-0.478028222,-1.789827609,7.183755076,-1.269641966,-0.498152678,0.032122062,-0.304676105,0.310563391,-0.836667123,0.047179926,0.031278174,0.061811495,-3.046761051,3.105633907,-8.366671227,0.471799262,0.312781737,0.618114948
2026-04-18T06:02:21.729991+00:00,1776492141.729990959,202.004000000,-0.113353462,-2.251020575,7.824674148,-1.002145679,-0.670888195,-0.023334305,0.364674760,-0.461192965,0.640919072,0.267496287,-0.172735517,-0.055456367,3.646747597,-4.611929654,6.409190717,2.674962872,-1.727355170,-0.554563674
2026-04-18T06:02:21.990474+00:00,1776492141.990473986,202.104000000,-0.466333333,-1.876400115,7.827134921,-1.266599508,-0.559217577,-0.033335332,0.000000000,0.000000000,0.000000000,0.000000000,0.000000000,0.000000000,0.000000000,0.000000000,0.000000000,0.000000000,0.000000000,0.000000000
2026-04-18T06:02:22.231897+00:00,1776492142.231897116,202.204000000,-0.442260652,-1.815379504,7.468224717,-1.382720636,-0.510810169,-0.053922869,0.024072681,0.061020611,-0.358910204,-0.116121128,0.048407408,-0.020587536,0.240726806,0.610206110,-3.589102042,-1.161211284,0.484074081,-0.205875364
2026-04-18T06:02:22.475835+00:00,1776492142.475835085,202.304000000,-0.286245233,-1.925713023,7.530951278,-1.390937797,-0.571942271,-0.049805275,0.156015419,-0.110333519,0.062726561,-0.008217161,-0.061132103,0.004117594,1.560154194,-1.103335189,0.627265612,-0.082171611,-0.611321026,0.041175938
2026-04-18T06:02:22.713114+00:00,1776492142.713114023,202.404000000,-0.473997612,-1.967649640,7.642445958,-1.330168696,-0.562261419,-0.016791506,-0.187752379,-0.041936617,0.111494681,0.060769101,0.009680852,0.033013769,-1.877523785,-0.419366167,1.114946806,0.607691008,0.096808519,0.330137693
2026-04-18T06:02:22.958604+00:00,1776492142.958604097,202.504000000,-0.348425834,-2.080747507,7.666252492,-1.141347303,-0.552851916,-0.077168599,0.125571777,-0.113097868,0.023806534,0.188821393,0.009409503,-0.060377093,1.255717773,-1.130978678,0.238065339,1.888213929,0.094095032,-0.603770933
2026-04-18T06:02:23.197041+00:00,1776492143.197041035,202.604000000,-0.190513209,-2.115808380,7.602593867,-1.399793141,-0.623159273,-0.005246991,0.000000000,0.000000000,0.000000000,0.000000000,0.000000000,0.000000000,0.000000000,0.000000000,0.000000000,0.000000000,0.000000000,0.000000000
2026-04-18T06:02:23.447184+00:00,1776492143.447184086,202.704000000,-0.462873882,-2.070376780,7.398660657,-1.337444823,-0.614849958,-0.063878269,-0.272360673,0.045431600,-0.203933209,0.062348318,0.008309315,-0.058631278,-2.723606726,0.454316001,-2.039332095,0.623483179,0.083093148,-0.586312780
2026-04-18T06:02:23.679781+00:00,1776492143.679780960,202.804000000,-0.665793944,-2.172341801,7.309463950,-1.234312911,-0.566353127,-0.059884192,-0.202920062,-0.101965021,-0.089196708,0.103131912,0.048496831,0.003994077,-2.029200622,-1.019650213,-0.891967076,1.031319119,0.484968307,0.039940769
2026-04-18T06:02:23.936781+00:00,1776492143.936780930,202.904000000,-0.646448859,-1.809544234,7.651948549,-1.336486532,-0.646014695,-0.063735198,0.019345085,0.362797567,0.342484599,-0.102173621,-0.079661568,-0.003851006,0.193450852,3.627975671,3.424845990,-1.021736213,-0.796615681,-0.038510056
2026-04-18T06:02:24.188170+00:00,1776492144.188169956,203.004000000,-0.370186838,-2.291347837,7.935799643,-1.335019908,-0.574309932,-0.027116169,0.276262020,-0.481803603,0.283851094,0.001466624,0.071704764,0.036619029,2.762620204,-4.818036032,2.838510943,0.014666245,0.717047636,0.366190286
2026-04-18T06:02:24.446950+00:00,1776492144.446949959,203.104000000,-0.191843571,-2.346819564,7.441368264,-1.332278350,-0.535093505,-0.077744608,0.000000000,0.000000000,0.000000000,0.000000000,0.000000000,0.000000000,0.000000000,0.000000000,0.000000000,0.000000000,0.000000000,0.000000000
2026-04-18T06:02:24.698003+00:00,1776492144.698003054,203.204000000,-0.750246322,-2.019541262,7.760252654,-1.384613449,-0.583795023,-0.068450250,-0.558402751,0.327278301,0.318884389,-0.052335098,-0.048701518,0.009294359,-5.584027511,3.272783013,3.188843892,-0.523350982,-0.487015180,0.092943586
2026-04-18T06:02:24.933744+00:00,1776492144.933743954,203.304000000,-0.197722162,-2.170828830,7.389899036,-1.230757684,-0.518565608,0.031068144,0.552524160,-0.151287568,-0.370353617,0.153855764,0.065229415,0.099518394,5.525241598,-1.512875678,-3.703536173,1.538557645,0.652294147,0.995183936
2026-04-18T06:02:25.173675+00:00,1776492145.173675060,203.404000000,-0.525322055,-1.985820024,7.217047027,-1.234400791,-0.611796033,0.024529658,-0.327599893,0.185008806,-0.172852010,-0.003643107,-0.093230425,-0.006538486,-3.275998928,1.850088062,-1.728520098,-0.036431069,-0.932304253,-0.065384857
2026-04-18T06:02:25.429609+00:00,1776492145.429609060,203.504000000,-0.144662052,-1.946158719,7.177831015,-1.247478298,-0.601023316,-0.021256169,0.380660003,0.039661305,-0.039216012,-0.013077507,0.010772717,-0.045785827,3.806600032,0.396613046,-0.392160116,-0.130775072,0.107727174,-0.457858271
2026-04-18T06:02:25.699460+00:00,1776492145.699460030,203.604000000,-0.526959590,-1.807218681,7.503541000,-1.288023773,-0.734954734,-0.132849780,0.000000000,0.000000000,0.000000000,0.000000000,0.000000000,0.000000000,0.000000000,0.000000000,0.000000000,0.000000000,0.000000000,0.000000000
2026-04-18T06:02:25.958361+00:00,1776492145.958360910,203.704000000,-0.204340877,-2.158334611,7.777608376,-1.258606811,-0.546145510,0.031555479,0.322618713,-0.351115930,0.274067376,0.029416962,0.188809224,0.164405259,3.226187134,-3.511159302,2.740673759,0.294169623,1.888092239,1.644052588
2026-04-18T06:02:26.201787+00:00,1776492146.201786995,203.804000000,-0.509833351,-2.431192943,7.395347570,-1.262974503,-0.625029405,-0.103250165,-0.305492474,-0.272858332,-0.382260806,-0.004367692,-0.078883895,-0.134805644,-3.054924743,-2.728583321,-3.822608059,-0.043676918,-0.788838948,-1.348056442
2026-04-18T06:02:26.458604+00:00,1776492146.458604097,203.904000000,-0.730417440,-1.865593827,7.261693138,-1.305947456,-0.728001396,-0.105842793,-0.220584090,0.565599116,-0.133654433,-0.042972953,-0.102971991,-0.002592627,-2.205840896,5.655991158,-1.336544328,-0.429729533,-1.029719914,-0.025926274
2026-04-18T06:02:26.710550+00:00,1776492146.710550070,204.006000000,-0.463192178,-2.049284574,8.023468306,-1.320585850,-0.587437712,-0.055727556,0.000000000,0.000000000,0.000000000,0.000000000,0.000000000,0.000000000,0.000000000,0.000000000,0.000000000,0.000000000,0.000000000,0.000000000
2026-04-18T06:02:26.973357+00:00,1776492146.973356962,204.106000000,-0.598722887,-2.145837523,7.872528546,-1.321751001,-0.686768423,-0.050551787,-0.135530709,-0.096552949,-0.150939760,-0.001165151,-0.099330711,0.005175769,-1.355307093,-0.965529490,-1.509397598,-0.011651509,-0.993307114,0.051757688
2026-04-18T06:02:27.248761+00:00,1776492147.248760939,204.206000000,-0.596808064,-1.949412647,7.470733032,-1.323671524,-0.653375891,-0.086971047,0.001914824,0.196424876,-0.401795514,-0.001920523,0.033392533,-0.036419260,0.019148239,1.964248760,-4.017955139,-0.019205229,0.333925327,-0.364192600
2026-04-18T06:02:27.505547+00:00,1776492147.505547047,204.306000000,-0.987758096,-1.857417724,7.580225035,-1.234983274,-0.719581282,-0.072240766,0.000000000,0.000000000,0.000000000,0.000000000,0.000000000,0.000000000,0.000000000,0.000000000,0.000000000,0.000000000,0.000000000,0.000000000
2026-04-18T06:02:27.769378+00:00,1776492147.769377947,204.406000000,-0.101352219,-2.216196846,7.503244496,-1.278277464,-0.595105043,-0.017228444,0.886405877,-0.358779122,-0.076980539,-0.043294189,0.124476238,0.055012322,8.864058772,-3.587791218,-0.769805390,-0.432941893,1.244762385,0.550123219
2026-04-18T06:02:28.028751+00:00,1776492148.028750896,204.506000000,-0.372616562,-2.084084901,7.903608129,-1.293482620,-0.520114131,-0.019214474,-0.271264344,0.132111945,0.400363633,-0.015205157,0.074990912,-0.001986030,-2.712643437,1.321119448,4.003636326,-0.152051566,0.749909123,-0.019860300
2026-04-18T06:02:28.281904+00:00,1776492148.281903982,204.606000000,-0.689332322,-2.446437772,7.375003033,-1.379727801,-0.639825821,-0.026833592,-0.316715760,-0.362352872,-0.528605096,-0.086245181,-0.119711690,-0.007619118,-3.167157602,-3.623528716,-5.286050958,-0.862451812,-1.197116901,-0.076191177
2026-04-18T06:02:28.558417+00:00,1776492148.558417082,204.706000000,-0.251417984,-2.202763579,7.607132506,-1.275773362,-0.669294563,-0.015048336,0.437914338,0.243674193,0.232129473,0.103954440,-0.029468742,0.011785256,4.379143382,2.436741930,2.321294726,1.039544399,-0.294687416,0.117852563
2026-04-18T06:02:28.796059+00:00,1776492148.796058893,204.806000000,-0.443926107,-1.661397431,7.496235223,-1.336905867,-0.657961552,-0.086321532,0.000000000,0.000000000,0.000000000,0.000000000,0.000000000,0.000000000,0.000000000,0.000000000,0.000000000,0.000000000,0.000000000,0.000000000
2026-04-18T06:02:29.040007+00:00,1776492149.040007114,204.906000000,-0.785436008,-1.820672828,7.610672309,-1.298651133,-0.715416137,0.021007923,-0.341509901,-0.159275396,0.114437087,0.038254734,-0.057454585,0.107329455,-3.415099008,-1.592753964,1.144370865,0.382547341,-0.574545849,1.073294547
2026-04-18T06:02:29.295754+00:00,1776492149.295753956,205.006000000,-0.519301345,-2.281558783,7.330747864,-1.256527034,-0.652697819,-0.036835062,0.266134663,-0.460885955,-0.279924445,0.042124099,0.062718318,-0.057842984,2.661346629,-4.608859551,-2.799244451,0.421240992,0.627183175,-0.578429843
2026-04-18T06:02:29.543788+00:00,1776492149.543787956,205.106000000,-0.597641391,-2.335831731,7.455090507,-1.287895697,-0.576638236,-0.001886584,-0.078340046,-0.054272948,0.124342642,-0.031368663,0.076059583,0.034948478,-0.783400457,-0.542729483,1.243426424,-0.313686631,0.760595835,0.349484781
2026-04-18T06:02:29.796331+00:00,1776492149.796330929,205.206000000,-0.351406866,-2.078663229,7.656700544,-1.321264881,-0.648043440,-0.083964454,0.246234525,0.257168502,0.201610037,-0.033369184,-0.071405204,-0.082077870,2.462345245,2.571685020,2.016100373,-0.333691838,-0.714052040,-0.820778705
2026-04-18T06:02:30.041287+00:00,1776492150.041286945,205.306000000,-0.221979831,-2.403049735,7.506124570,-1.413570899,-0.679702790,-0.053577953,0.000000000,0.000000000,0.000000000,0.000000000,0.000000000,0.000000000,0.000000000,0.000000000,0.000000000,0.000000000,0.000000000,0.000000000
2026-04-18T06:02:30.293743+00:00,1776492150.293742895,205.406000000,-0.271267837,-1.836687993,7.719891255,-1.249613340,-0.608673159,-0.073153776,-0.049288006,0.566361742,0.213766685,0.163957559,0.071029631,-0.019575823,-0.492880061,5.663617416,2.137666848,1.639575592,0.710296310,-0.195758230
2026-04-18T06:02:30.554028+00:00,1776492150.554028034,205.506000000,-0.344332619,-1.934224710,8.081903025,-1.347152113,-0.759362714,-0.095653067,-0.073064782,-0.097536717,0.362011771,-0.097538773,-0.150689555,-0.022499291,-0.730647820,-0.975367173,3.620117705,-0.975387729,-1.506895553,-0.224992908
2026-04-18T06:02:30.806808+00:00,1776492150.806807995,205.606000000,-0.065699772,-2.015437671,7.697786919,-1.347279160,-0.623848473,-0.082831376,0.278632847,-0.081212960,-0.384116106,-0.000127047,0.135514242,0.012821691,2.786328469,-0.812129603,-3.841161062,-0.001270468,1.355142417,0.128216911
2026-04-18T06:02:31.070435+00:00,1776492151.070435047,205.706000000,-0.104907413,-2.025748808,7.851622848,-1.339029742,-0.508591376,-0.073125144,-0.039207641,-0.010311137,0.153835929,0.008249418,0.115257097,0.009706232,-0.392076409,-0.103111370,1.538359286,0.082494180,1.152570970,0.097062318
2026-04-18T06:02:31.337946+00:00,1776492151.337945938,205.806000000,-0.180239975,-1.876225679,7.910687571,-1.360005115,-0.623511406,-0.056077727,0.000000000,0.000000000,0.000000000,0.000000000,0.000000000,0.000000000,0.000000000,0.000000000,0.000000000,0.000000000,0.000000000,0.000000000
2026-04-18T06:02:31.597692+00:00,1776492151.597692013,205.906000000,-0.428373953,-2.164180081,7.659877441,-1.309047184,-0.588052532,-0.019561456,-0.248133978,-0.287954402,-0.250810131,0.050957932,0.035458874,0.036516272,-2.481339776,-2.879544021,-2.508101306,0.509579315,0.354588740,0.365162716
2026-04-18T06:02:31.853261+00:00,1776492151.853260994,206.006000000,-0.102458668,-2.265175499,7.419412267,-1.282796654,-0.666522544,-0.142474363,0.325915285,-0.100995418,-0.240465174,0.026250530,-0.078470011,-0.122912907,3.259152848,-1.009954181,-2.404651741,0.262505299,-0.784700113,-1.229129075
2026-04-18T06:02:32.099886+00:00,1776492152.099885941,206.106000000,-0.005226760,-2.271642443,7.725194469,-1.387592521,-0.610188965,0.041603070,0.097231908,-0.006466944,0.305782202,-0.104795867,0.056333578,0.184077433,0.972319081,-0.064669441,3.057822020,-1.047958667,0.563335782,1.840774330
2026-04-18T06:02:32.367458+00:00,1776492152.367458105,206.206000000,-0.691693235,-1.937012085,7.560637051,-1.436406942,-0.572383285,-0.042354812,-0.686466475,0.334630358,-0.164557418,-0.048814421,0.037805681,-0.083957882,-6.864664747,3.346303581,-1.645574179,-0.488144215,0.378056806,-0.839578818
2026-04-18T06:02:32.608267+00:00,1776492152.608267069,206.306000000,0.081799769,-2.161707603,7.833293303,-1.435378193,-0.644316218,-0.071166837,0.000000000,0.000000000,0.000000000,0.000000000,0.000000000,0.000000000,0.000000000,0.000000000,0.000000000,0.000000000,0.000000000,0.000000000
2026-04-18T06:02:32.869206+00:00,1776492152.869205952,206.406000000,-0.525463596,-1.963244629,7.625881958,-1.353525727,-0.672831350,-0.112306684,-0.607263365,0.198462974,-0.207411344,0.081852466,-0.028515132,-0.041139846,-6.072633652,1.984629742,-2.074113443,0.818524661,-0.285151323,-0.411398464
2026-04-18T06:02:33.117688+00:00,1776492153.117687941,206.506000000,-0.509318882,-2.015141025,8.066226410,-1.259827632,-0.683988528,-0.018551426,0.016144714,-0.051896396,0.440344452,0.093698095,-0.011157177,0.093755258,0.161447139,-0.518963960,4.403444520,0.936980953,-0.111571773,0.937552580
2026-04-18T06:02:33.377439+00:00,1776492153.377439022,206.606000000,-0.864706911,-2.438076535,7.420653865,-1.299645651,-0.634199694,0.021635497,-0.355388029,-0.422935510,-0.645572546,-0.039818019,0.049788834,0.040186923,-3.553880294,-4.229355096,-6.455725458,-0.398180191,0.497888341,0.401869230
2026-04-18T06:02:33.629407+00:00,1776492153.629406929,206.706000000,-0.206536550,-2.125251377,7.512464278,-1.411659216,-0.705200545,-0.128689039,0.658170361,0.312825158,0.091810414,-0.112013565,-0.071000851,-0.150324537,6.581703610,3.128251579,0.918104136,-1.120135648,-0.710008510,-1.503245366
2026-04-18T06:02:33.881357+00:00,1776492153.881356955,206.806000000,-0.548340646,-1.880202801,7.595183908,-1.366352867,-0.674231791,0.003820016,0.000000000,0.000000000,0.000000000,0.000000000,0.000000000,0.000000000,0.000000000,0.000000000,0.000000000,0.000000000,0.000000000,0.000000000
2026-04-18T06:02:34.126769+00:00,1776492154.126769066,206.906000000,-0.532266331,-1.729839509,7.579053363,-1.491993943,-0.695025725,-0.095777856,0.016074315,0.150363292,-0.016130545,-0.125641076,-0.020793934,-0.099597872,0.160743150,1.503632920,-0.161305445,-1.256410761,-0.207939338,-0.995978721
2026-04-18T06:02:34.364951+00:00,1776492154.364950895,207.006000000,-0.432223947,-1.947977772,7.762673279,-1.558653029,-0.674547196,-0.005807276,0.100042385,-0.218138263,0.183619916,-0.066659086,0.020478529,0.089970580,1.000423848,-2.181382630,1.836199157,-0.666590856,0.204785287,0.899705796
2026-04-18T06:02:34.615919+00:00,1776492154.615919113,207.106000000,-0.027430333,-2.034659551,7.484760065,-1.463867622,-0.501731945,-0.001527321,0.404793613,-0.086681778,-0.277913214,0.094785407,0.172815251,0.004279955,4.047936133,-0.866817785,-2.779132141,0.947854066,1.728152509,0.042799550
2026-04-18T06:02:34.855031+00:00,1776492154.855031013,207.206000000,-0.647563164,-1.832152396,7.269241464,-1.419416923,-0.674273550,-0.069125153,-0.620132831,0.202507155,-0.215518601,0.044450699,-0.172541605,-0.067597832,-6.201328306,2.025071548,-2.155186008,0.444506992,-1.725416049,-0.675978319
2026-04-18T06:02:35.091451+00:00,1776492155.091450930,207.306000000,-0.363224066,-1.955866894,7.654125296,-1.390384118,-0.590386387,-0.111662690,0.000000000,0.000000000,0.000000000,0.000000000,0.000000000,0.000000000,0.000000000,0.000000000,0.000000000,0.000000000,0.000000000,0.000000000
2026-04-18T06:02:35.338228+00:00,1776492155.338227987,207.406000000,-0.536039722,-2.190453903,7.265871450,-1.341783048,-0.609040042,-0.017105822,-0.172815656,-0.234587009,-0.388253846,0.048601069,-0.018653654,0.094556868,-1.728156565,-2.345870090,-3.882538458,0.486010692,-0.186536542,0.945568681
2026-04-18T06:02:35.601602+00:00,1776492155.601602077,207.506000000,-0.386957635,-2.207946405,6.938661787,-1.413284335,-0.582149265,-0.065449049,0.149082087,-0.017492502,-0.327209663,-0.071501287,0.026890776,-0.048343227,1.490820870,-0.174925021,-3.272096629,-0.715012866,0.268907764,-0.483432269
2026-04-18T06:02:35.872957+00:00,1776492155.872956991,207.606000000,-0.115549350,-2.362080722,7.302523168,-1.255084230,-0.579512036,-0.085251966,0.271408285,-0.154134317,0.363861381,0.158200105,0.002637230,-0.019802917,2.714082850,-1.541343168,3.638613807,1.582001052,0.026372297,-0.198029167
2026-04-18T06:02:36.145530+00:00,1776492156.145529985,207.706000000,-0.441918054,-2.184191232,7.906901435,-1.447731866,-0.565113089,-0.060736172,-0.326368703,0.177889490,0.604378267,-0.192647636,0.014398946,0.024515794,-3.263687032,1.778894897,6.043782667,-1.926476364,0.143989463,0.245157940
2026-04-18T06:02:36.393425+00:00,1776492156.393424988,207.806000000,-0.016361949,-2.150016187,7.667250173,-1.360971411,-0.574334201,-0.076678478,0.000000000,0.000000000,0.000000000,0.000000000,0.000000000,0.000000000,0.000000000,0.000000000,0.000000000,0.000000000,0.000000000,0.000000000
2026-04-18T06:02:36.652384+00:00,1776492156.652384043,207.906000000,-0.589434090,-1.763574875,7.381554211,-1.361693558,-0.587059974,-0.067667144,-0.573072141,0.386441312,-0.285695962,-0.000722147,-0.012725773,0.009011334,-5.730721405,3.864413117,-2.856959618,-0.007221467,-0.127257733,0.090113341
2026-04-18T06:02:36.929325+00:00,1776492156.929325104,208.006000000,-0.405454747,-1.688009092,7.791125834,-1.376847657,-0.742729044,-0.049085029,0.183979343,0.075565784,0.409571623,-0.015154099,-0.155669070,0.018582115,1.839793430,0.755657835,4.095716229,-0.151540995,-1.556690699,0.185821154
2026-04-18T06:02:37.207684+00:00,1776492157.207684040,208.106000000,-0.794496438,-1.941561571,7.817843826,-1.382770673,-0.674636031,-0.022898635,-0.389041691,-0.253552479,0.026717992,-0.005923016,0.068093013,0.026186394,-3.890416914,-2.535524788,0.267179916,-0.059230158,0.680930135,0.261863937
2026-04-18T06:02:37.478680+00:00,1776492157.478679895,208.206000000,-0.585032526,-2.466282085,6.630797626,-1.412231486,-0.577244808,-0.030245199,0.209463913,-0.524720514,-1.187046200,-0.029460813,0.097391223,-0.007346564,2.094639126,-5.247205142,-11.870461996,-0.294608133,0.973912227,-0.073465637
2026-04-18T06:02:37.737704+00:00,1776492157.737704039,208.306000000,-0.077598484,-1.917436543,7.092466461,-1.483235645,-0.661320398,0.008700422,0.000000000,0.000000000,0.000000000,0.000000000,0.000000000,0.000000000,0.000000000,0.000000000,0.000000000,0.000000000,0.000000000,0.000000000
2026-04-18T06:02:38.004515+00:00,1776492158.004514933,208.406000000,-0.478457274,-1.883223035,7.197097775,-1.291765994,-0.790392123,-0.092785944,-0.400858789,0.034213509,0.104631313,0.191469650,-0.129071725,-0.101486366,-4.008587894,0.342135086,1.046313132,1.914696501,-1.290717247,-1.014863664
2026-04-18T06:02:38.270002+00:00,1776492158.270001888,208.506000000,-0.341450406,-1.893283883,7.300736489,-1.411788380,-0.686555588,-0.121430209,0.137006868,-0.010060848,0.103638714,-0.120022386,0.103836535,-0.028644265,1.370068676,-0.100608484,1.036387145,-1.200223856,1.038365355,-0.286442652
2026-04-18T06:02:38.519271+00:00,1776492158.519270897,208.606000000,-0.251841457,-1.787277561,7.965618374,-1.467719195,-0.550674574,-0.166115930,0.089608949,0.106006322,0.664881885,-0.055930815,0.135881014,-0.044685721,0.896089489,1.060063217,6.648818847,-0.559308148,1.358810138,-0.446857212
2026-04-18T06:02:38.796591+00:00,1776492158.796591043,208.706000000,-0.660274521,-2.011192547,7.696025438,-1.346698150,-0.628086757,-0.133772213,-0.408433064,-0.223914986,-0.269592935,0.121021045,-0.077412184,0.032343717,-4.084330639,-2.239149860,-2.695929355,1.210210447,-0.774121837,0.323437173
2026-04-18T06:02:39.077466+00:00,1776492159.077466011,208.806000000,-0.857259754,-2.030489402,7.224196602,-1.440015092,-0.792564482,-0.142824260,0.000000000,0.000000000,0.000000000,0.000000000,0.000000000,0.000000000,0.000000000,0.000000000,0.000000000,0.000000000,0.000000000,0.000000000
2026-04-18T06:02:39.332805+00:00,1776492159.332804918,208.906000000,-0.544069154,-2.361770369,6.757867052,-1.493923775,-0.703461115,0.009729695,0.313190600,-0.331280967,-0.466329550,-0.053908683,0.089103367,0.152553956,3.131906000,-3.312809669,-4.663295496,-0.539086828,0.891033668,1.525539556
2026-04-18T06:02:39.588778+00:00,1776492159.588778019,209.008000000,-0.302985935,-1.933604019,8.003760508,-1.437979301,-0.718327050,-0.004904079,0.000000000,0.000000000,0.000000000,0.000000000,0.000000000,0.000000000,0.000000000,0.000000000,0.000000000,0.000000000,0.000000000,0.000000000
2026-04-18T06:02:39.849742+00:00,1776492159.849741936,209.108000000,-0.281644967,-2.343763263,7.301949400,-1.410684167,-0.641854125,-0.112971098,0.021340969,-0.410159244,-0.701811108,0.027295134,0.076472925,-0.108067019,0.213409687,-4.101592441,-7.018111083,0.272951341,0.764729252,-1.080670188
2026-04-18T06:02:40.108396+00:00,1776492160.108396053,209.208000000,-0.364611162,-1.651581828,7.418550603,-1.502182960,-0.557676282,-0.003779904,-0.082966195,0.692181435,0.116601203,-0.091498793,0.084177843,0.109191194,-0.829661952,6.921814352,1.166012026,-0.914987931,0.841778428,1.091911943
2026-04-18T06:02:40.353424+00:00,1776492160.353424072,209.308000000,-0.551936498,-2.116084887,7.315799383,-1.502377219,-0.724011949,-0.038511667,-0.187325336,-0.464503059,-0.102751219,-0.000194259,-0.166335667,-0.034731763,-1.873253360,-4.645030593,-1.027512194,-0.001942588,-1.663356672,-0.347317633
2026-04-18T06:02:40.595022+00:00,1776492160.595021963,209.408000000,-0.252082049,-1.941120624,7.599699524,-1.419977143,-0.631398326,-0.081414336,0.299854449,0.174964264,0.283900141,0.082400076,0.092613624,-0.042902669,2.998544488,1.749642638,2.839001405,0.824000757,0.926136235,-0.429026688
2026-04-18T06:02:40.848002+00:00,1776492160.848001957,209.508000000,-0.651867036,-2.182242356,7.221772478,-1.362697288,-0.739538123,-0.172215886,0.000000000,0.000000000,0.000000000,0.000000000,0.000000000,0.000000000,0.000000000,0.000000000,0.000000000,0.000000000,0.000000000,0.000000000
2026-04-18T06:02:41.100909+00:00,1776492161.100908995,209.608000000,-0.415057532,-2.099461183,7.880579511,-1.485746764,-0.768330215,-0.119120576,0.236809504,0.082781173,0.658807033,-0.123049475,-0.028792092,0.053095310,2.368095039,0.827811729,6.588070330,-1.230494753,-0.287920921,0.530953098
2026-04-18T06:02:41.361123+00:00,1776492161.361123085,209.708000000,-0.504752173,-2.360542797,7.569314063,-1.256260499,-0.739718828,-0.039545281,-0.089694641,-0.261081614,-0.311265448,0.229486265,0.028611387,0.079575295,-0.896946409,-2.610816139,-3.112654482,2.294862648,0.286113871,0.795752948
2026-04-18T06:02:41.607640+00:00,1776492161.607640028,209.810000000,-0.377494070,-1.874651771,7.539825432,-1.413673703,-0.800887077,-0.063717784,0.000000000,0.000000000,0.000000000,0.000000000,0.000000000,0.000000000,0.000000000,0.000000000,0.000000000,0.000000000,0.000000000,0.000000000
2026-04-18T06:02:41.860487+00:00,1776492161.860486984,209.912000000,-0.636981511,-1.892745701,7.844820229,-1.471389162,-0.639806807,-0.140924903,0.000000000,0.000000000,0.000000000,0.000000000,0.000000000,0.000000000,0.000000000,0.000000000,0.000000000,0.000000000,0.000000000,0.000000000
2026-04-18T06:02:42.113997+00:00,1776492162.113996983,210.012000000,-0.336727949,-1.703192936,7.835087848,-1.394673846,-0.682166298,-0.048729637,0.300253562,0.189552765,-0.009732381,0.076715315,-0.042359491,0.092195266,3.002535619,1.895527649,-0.097323808,0.767153152,-0.423594908,0.921952664
2026-04-18T06:02:42.365826+00:00,1776492162.365825891,210.112000000,-0.505043749,-1.731140959,7.751043898,-1.328379511,-0.686601617,-0.107242079,-0.168315800,-0.027948023,-0.084043950,0.066294336,-0.004435319,-0.058512442,-1.683157999,-0.279480226,-0.840439496,0.662943356,-0.044353192,-0.585124424
2026-04-18T06:02:42.633630+00:00,1776492162.633630037,210.212000000,-0.574093844,-2.203269105,7.403783666,-1.412745207,-0.719698988,-0.035717486,-0.069050096,-0.472128147,-0.347260233,-0.084365697,-0.033097371,0.071524594,-0.690500958,-4.721281466,-3.472602329,-0.843656966,-0.330973705,0.715245937
2026-04-18T06:02:42.874996+00:00,1776492162.874995947,210.312000000,-0.680669097,-2.122261787,7.434921221,-1.447131359,-0.754604963,-0.042617332,0.000000000,0.000000000,0.000000000,0.000000000,0.000000000,0.000000000,0.000000000,0.000000000,0.000000000,0.000000000,0.000000000,0.000000000
2026-04-18T06:02:43.125290+00:00,1776492163.125289917,210.412000000,-0.819092607,-2.787271161,6.883894621,-1.446184942,-0.616820345,-0.073704516,-0.138423510,-0.665009374,-0.551026601,0.000946417,0.137784618,-0.031087185,-1.384235105,-6.650093741,-5.510266006,0.009464169,1.377846182,-0.310871846
2026-04-18T06:02:43.371925+00:00,1776492163.371925116,210.512000000,-0.561530001,-1.785269729,7.602790820,-1.454847796,-0.720226139,-0.090172901,0.257562606,1.002001431,0.718896200,-0.008662854,-0.103405794,-0.016468384,2.575626065,10.020014314,7.188961997,-0.086628541,-1.034057939,-0.164683844
2026-04-18T06:02:43.628530+00:00,1776492163.628530025,210.614000000,-0.064280663,-1.888732031,8.718133689,-1.381282153,-0.715398922,-0.089136435,0.000000000,0.000000000,0.000000000,0.000000000,0.000000000,0.000000000,0.000000000,0.000000000,0.000000000,0.000000000,0.000000000,0.000000000
2026-04-18T06:02:43.893518+00:00,1776492163.893517971,210.714000000,-0.435017421,-1.793759815,7.382620257,-1.489479544,-0.771444697,-0.086885076,-0.370736758,0.094972216,-1.335513432,-0.108197391,-0.056045776,0.002251359,-3.707367575,0.949722156,-13.355134321,-1.081973909,-0.560457755,0.022513592
2026-04-18T06:02:44.129527+00:00,1776492164.129527092,210.814000000,-0.482523204,-1.774794612,7.154441051,-1.472417504,-0.812536866,-0.021669701,-0.047505784,0.018965203,-0.228179206,0.017062041,-0.041092169,0.065215375,-0.475057838,0.189652031,-2.281792061,0.170620407,-0.410921694,0.652153748
2026-04-18T06:02:44.400443+00:00,1776492164.400443077,210.914000000,-0.369199113,-2.066106271,7.456103330,-1.448460091,-0.766123924,-0.048055397,0.113324091,-0.291311659,0.301662279,0.023957412,0.046412942,-0.026385696,1.133240912,-2.913116591,3.016622790,0.239574123,0.464129420,-0.263856959
2026-04-18T06:02:44.671767+00:00,1776492164.671766996,211.014000000,-0.339716171,-1.967998034,7.584998278,-1.481020734,-0.674082718,-0.128983881,0.000000000,0.000000000,0.000000000,0.000000000,0.000000000,0.000000000,0.000000000,0.000000000,0.000000000,0.000000000,0.000000000,0.000000000
2026-04-18T06:02:44.943423+00:00,1776492164.943423033,211.114000000,-0.369284642,-2.090626136,7.730196473,-1.392574751,-0.803509032,-0.131076664,-0.029568472,-0.122628102,0.145198195,0.088445983,-0.129426314,-0.002092783,-0.295684715,-1.226281021,1.451981950,0.884459833,-1.294263143,-0.020927831
2026-04-18T06:02:45.216066+00:00,1776492165.216065884,211.214000000,-0.584943721,-1.906234950,7.707856308,-1.403856009,-0.864075503,-0.098418380,-0.215659078,0.184391186,-0.022340165,-0.011281257,-0.060566471,0.032658284,-2.156590783,1.843911864,-0.223401652,-0.112812574,-0.605664710,0.326582836
2026-04-18T06:02:45.475675+00:00,1776492165.475675106,211.314000000,-0.265079302,-1.543760044,7.552731664,-1.351098977,-0.721043943,-0.060306325,0.319864419,0.362474905,-0.155124644,0.052757032,0.143031560,0.038112055,3.198644186,3.624749054,-1.551246440,0.527570319,1.430315605,0.381120554
2026-04-18T06:02:45.746847+00:00,1776492165.746846914,211.414000000,-0.649264390,-1.446454125,7.733414712,-1.506967229,-0.833696558,-0.078024445,-0.384185088,0.097305920,0.180683047,-0.155868253,-0.112652615,-0.017718121,-3.841850880,0.973059195,1.806830474,-1.558682528,-1.126526151,-0.177181206
2026-04-18T06:02:46.006645+00:00,1776492166.006644964,211.514000000,-0.223374459,-2.694923345,7.342441112,-1.438616931,-0.760322832,-0.075854852,0.000000000,0.000000000,0.000000000,0.000000000,0.000000000,0.000000000,0.000000000,0.000000000,0.000000000,0.000000000,0.000000000,0.000000000
2026-04-18T06:02:46.285507+00:00,1776492166.285506964,211.614000000,-0.509880672,-2.002278610,7.976149086,-1.362773320,-0.759872307,-0.039529467,-0.286506213,0.692644735,0.633707973,0.075843611,0.000450525,0.036325385,-2.865062130,6.926447351,6.337079735,0.758436110,0.004505255,0.363253851
2026-04-18T06:02:46.554695+00:00,1776492166.554694891,211.714000000,-0.490642493,-1.695830545,7.274370504,-1.393944897,-0.694039789,-0.098429845,0.019238180,0.306448065,-0.701778582,-0.031171577,0.065832518,-0.058900378,0.192381797,3.064480652,-7.017785819,-0.311715767,0.658325178,-0.589003784
2026-04-18T06:02:46.805413+00:00,1776492166.805413008,211.814000000,-0.427976988,-1.935347454,7.335494554,-1.418469117,-0.678882819,-0.065158007,0.062665505,-0.239516909,0.061124050,-0.024524220,0.015156970,0.033271839,0.626655048,-2.395169093,0.611240500,-0.245242202,0.151569700,0.332718386
2026-04-18T06:02:47.076934+00:00,1776492167.076934099,211.914000000,-0.383158029,-1.776641539,7.642397123,-1.568366931,-0.842176688,-0.149053553,0.044818958,0.158705915,0.306902569,-0.149897814,-0.163293869,-0.083895546,0.448189585,1.587059152,3.069025690,-1.498978139,-1.632938687,-0.838955464
2026-04-18T06:02:47.328939+00:00,1776492167.328938961,212.014000000,-0.425760090,-1.778530757,7.955435458,-1.498912655,-0.853252477,-0.166169685,0.000000000,0.000000000,0.000000000,0.000000000,0.000000000,0.000000000,0.000000000,0.000000000,0.000000000,0.000000000,0.000000000,0.000000000
2026-04-18T06:02:47.598139+00:00,1776492167.598139048,212.114000000,-0.340806438,-2.006694426,8.071970479,-1.379949074,-0.849420541,-0.070941759,0.084953651,-0.228163669,0.116535021,0.118963581,0.003831936,0.095227926,0.849536515,-2.281636688,1.165350205,1.189635812,0.038319357,0.952279259
2026-04-18T06:02:47.864772+00:00,1776492167.864772081,212.214000000,-0.516619197,-1.771674712,7.894132161,-1.403704806,-0.809755261,-0.111011274,-0.175812759,0.235019713,-0.177838317,-0.023755733,0.039665280,-0.040069515,-1.758127586,2.350197135,-1.778383173,-0.237557325,0.396652800,-0.400695146
2026-04-18T06:02:48.136472+00:00,1776492168.136471987,212.314000000,-0.139880865,-1.272030938,7.300839342,-1.509989116,-0.681263772,-0.063897112,0.376738332,0.499643774,-0.593292820,-0.106284309,0.128491490,0.047114162,3.767383321,4.996437740,-5.932928198,-1.062843091,1.284914895,0.471141615
2026-04-18T06:02:48.394423+00:00,1776492168.394423008,212.414000000,-0.616102221,-2.053537858,8.087795595,-1.365275040,-0.759560141,-0.057535410,-0.476221357,-0.781506920,0.786956254,0.144714075,-0.078296369,0.006361702,-4.762213568,-7.815069196,7.869562535,1.447140751,-0.782963692,0.063617018
2026-04-18T06:02:48.651258+00:00,1776492168.651257992,212.514000000,-0.496253826,-1.598331996,7.775521802,-1.546324702,-0.755421335,-0.193271902,0.000000000,0.000000000,0.000000000,0.000000000,0.000000000,0.000000000,0.000000000,0.000000000,0.000000000,0.000000000,0.000000000,0.000000000
2026-04-18T06:02:48.894113+00:00,1776492168.894113064,212.616000000,-0.378848708,-1.865552419,7.640629066,-1.291361601,-0.787328037,-0.159290831,0.000000000,0.000000000,0.000000000,0.000000000,0.000000000,0.000000000,0.000000000,0.000000000,0.000000000,0.000000000,0.000000000,0.000000000
2026-04-18T06:02:49.144926+00:00,1776492169.144926071,212.716000000,-0.576056028,-1.931982186,7.380224923,-1.520327850,-0.759970350,-0.081645404,-0.197207320,-0.066429767,-0.260404143,-0.228966249,0.027357687,0.077645427,-1.972073204,-0.664297668,-2.604041434,-2.289662485,0.273576870,0.776454271
2026-04-18T06:02:49.395444+00:00,1776492169.395443916,212.816000000,0.753266607,-7.902150431,19.142666373,0.132853163,-0.114364876,0.107912739,1.329322635,-5.970168245,11.762441450,1.653181013,0.645605474,0.189558143,13.293226345,-59.701682452,117.624414502,16.531810127,6.456054744,1.895581430
2026-04-18T06:02:49.624584+00:00,1776492169.624583960,212.916000000,0.419072608,-7.280923199,18.901134495,0.042080736,-0.207739044,-0.014869889,-0.334193998,0.621227231,-0.241531878,-0.090772428,-0.093374169,-0.122782628,-3.341939983,6.212272315,-2.415318779,-0.907724276,-0.933741686,-1.227826278
2026-04-18T06:02:49.841768+00:00,1776492169.841768026,213.016000000,0.719575674,-7.472875700,19.266508904,0.116437175,-0.079247567,0.053255226,0.300503066,-0.191952500,0.365374409,0.074356440,0.128491477,0.068125115,3.005030656,-1.919525004,3.653744090,0.743564396,1.284914773,0.681251153
2026-04-18T06:02:50.062511+00:00,1776492170.062510967,213.116000000,0.195331517,-7.540718700,19.131716165,0.116092730,-0.095053494,-0.006961785,0.000000000,0.000000000,0.000000000,0.000000000,0.000000000,0.000000000,0.000000000,0.000000000,0.000000000,0.000000000,0.000000000,0.000000000
2026-04-18T06:02:50.283628+00:00,1776492170.283627987,213.216000000,0.454005735,-6.992719717,19.326546197,0.104177790,-0.146579380,0.010722170,0.258674217,0.547998983,0.194830033,-0.011914940,-0.051525886,0.017683955,2.586742175,5.479989832,1.948300326,-0.119149401,-0.515258861,0.176839549
2026-04-18T06:02:50.486537+00:00,1776492170.486536980,213.316000000,0.527583976,-7.766282795,19.274213415,-0.031587808,-0.063324426,0.049443910,0.073578241,-0.773563078,-0.052332782,-0.135765597,0.083254954,0.038721741,0.735782414,-7.735630777,-0.523327820,-1.357655973,0.832549542,0.387217406
2026-04-18T06:02:50.684719+00:00,1776492170.684719086,213.416000000,0.247110786,-7.591050527,19.052565223,0.045612530,-0.103570238,0.049726328,-0.280473191,0.175232267,-0.221648193,0.077200338,-0.040245811,0.000282418,-2.804731906,1.752322673,-2.216481927,0.772003377,-0.402458115,0.002824175
2026-04-18T06:02:50.894115+00:00,1776492170.894114971,213.516000000,0.099565430,-7.584528916,19.273609490,0.008712375,-0.067484530,0.044841914,-0.147545356,0.006521611,0.221044268,-0.036900155,0.036085708,-0.004884414,-1.475453559,0.065216115,2.210442675,-0.369001550,0.360857079,-0.048844139
2026-04-18T06:02:51.113117+00:00,1776492171.113116980,213.616000000,0.214021377,-7.796957375,19.266142315,0.031512535,-0.102100249,-0.008396265,0.000000000,0.000000000,0.000000000,0.000000000,0.000000000,0.000000000,0.000000000,0.000000000,0.000000000,0.000000000,0.000000000,0.000000000
2026-04-18T06:02:51.330858+00:00,1776492171.330857992,213.716000000,0.411251403,-7.558113061,19.250568715,0.143159670,-0.189211775,-0.028493936,0.197230026,0.238844314,-0.015573600,0.111647134,-0.087111526,-0.020097670,1.972300264,2.388443139,-0.155735999,1.116471343,-0.871115263,-0.200976704
2026-04-18T06:02:51.544585+00:00,1776492171.544584990,213.816000000,0.328518453,-7.824616763,19.155662057,0.046626385,-0.106481377,-0.090124789,-0.082732950,-0.266503701,-0.094906658,-0.096533285,0.082730398,-0.061630853,-0.827329500,-2.665037013,-0.949066582,-0.965332846,0.827303985,-0.616308527
2026-04-18T06:02:51.760205+00:00,1776492171.760205030,213.918000000,0.194204371,-7.724429749,19.386384577,-0.010015767,-0.163514562,-0.058657497,0.000000000,0.000000000,0.000000000,0.000000000,0.000000000,0.000000000,0.000000000,0.000000000,0.000000000,0.000000000,0.000000000,0.000000000
2026-04-18T06:02:51.976656+00:00,1776492171.976655960,214.018000000,-0.074010255,-6.988840278,19.710678457,0.151639897,-0.059246287,0.048944036,-0.268214626,0.735589471,0.324293880,0.161655664,0.104268276,0.107601533,-2.682146261,7.355894709,3.242938803,1.616556638,1.042682757,1.076015329
2026-04-18T06:02:52.192960+00:00,1776492172.192960024,214.120000000,0.169368428,-7.899009604,19.102209967,0.092996481,-0.114695566,-0.009714965,0.000000000,0.000000000,0.000000000,0.000000000,0.000000000,0.000000000,0.000000000,0.000000000,0.000000000,0.000000000,0.000000000,0.000000000
2026-04-18T06:02:52.419363+00:00,1776492172.419363022,214.220000000,0.105635528,-7.674618828,19.577695954,0.180298941,-0.080699239,0.008578430,-0.063732900,0.224390776,0.475485988,0.087302460,0.033996327,0.018293394,-0.637329000,2.243907762,4.754859876,0.873024600,0.339963272,0.182933944
2026-04-18T06:02:52.623955+00:00,1776492172.623955011,214.320000000,0.016735428,-7.179764584,19.045884289,0.161956389,-0.083063080,0.020672348,-0.088900100,0.494854243,-0.531811665,-0.018342551,-0.002363841,0.012093919,-0.889000998,4.948542432,-5.318116650,-0.183425514,-0.023638409,0.120939185
2026-04-18T06:02:52.840764+00:00,1776492172.840764046,214.420000000,0.503950523,-7.376972614,19.361585139,0.063257026,-0.076908164,0.066627987,0.487215095,-0.197208030,0.315700850,-0.098699364,0.006154916,0.045955639,4.872150955,-1.972080297,3.157008499,-0.986993637,0.061549158,0.459556392
2026-04-18T06:02:53.060084+00:00,1776492173.060084105,214.520000000,0.281075817,-7.444337027,18.807719324,0.080650083,-0.064353472,-0.040046091,0.000000000,0.000000000,0.000000000,0.000000000,0.000000000,0.000000000,0.000000000,0.000000000,0.000000000,0.000000000,0.000000000,0.000000000
2026-04-18T06:02:53.274890+00:00,1776492173.274889946,214.620000000,0.440624565,-7.539254546,18.979929850,0.109782646,0.004210628,0.027040057,0.159548749,-0.094917519,0.172210526,0.029132562,0.068564101,0.067086148,1.595487485,-0.949175189,1.722105263,0.291325621,0.685641005,0.670861476
2026-04-18T06:02:53.487099+00:00,1776492173.487098932,214.720000000,0.940479989,-7.237776876,19.461683837,0.052094980,-0.126304999,-0.053887768,0.499855423,0.301477669,0.481753987,-0.057687666,-0.130515628,-0.080927825,4.998554234,3.014776693,4.817539868,-0.576876656,-1.305156277,-0.809278247
2026-04-18T06:02:53.703442+00:00,1776492173.703442097,214.820000000,0.401179385,-7.448306069,19.015332460,0.225181485,-0.050664489,-0.045469463,-0.539300604,-0.210529192,-0.446351377,0.173086505,0.075640511,0.008418305,-5.393006039,-2.105291925,-4.463513772,1.730865048,0.756405105,0.084183052
2026-04-18T06:02:53.911383+00:00,1776492173.911382914,214.920000000,0.260860300,-7.504966212,19.244549409,0.049835132,-0.053646940,-0.031448451,-0.140319084,-0.056660143,0.229216949,-0.175346353,-0.002982451,0.014021012,-1.403190844,-0.566601432,2.292169490,-1.753463526,-0.029824514,0.140210116
2026-04-18T06:02:54.111527+00:00,1776492174.111526966,215.020000000,0.071478785,-7.290162348,18.990444509,0.122421891,-0.127038218,0.029318439,0.000000000,0.000000000,0.000000000,0.000000000,0.000000000,0.000000000,0.000000000,0.000000000,0.000000000,0.000000000,0.000000000,0.000000000
2026-04-18T06:02:54.323536+00:00,1776492174.323535919,215.120000000,0.183079789,-7.542692067,19.116631936,0.090998579,-0.032259158,0.047671939,0.111601004,-0.252529718,0.126187427,-0.031423312,0.094779060,0.018353500,1.116010036,-2.525297183,1.261874273,-0.314233124,0.947790598,0.183535000
2026-04-18T06:02:54.534898+00:00,1776492174.534898043,215.220000000,-0.121353495,-7.516326437,19.339056785,0.098669535,-0.062866588,0.002264340,-0.304433284,0.026365630,0.222424849,0.007670956,-0.030607430,-0.045407599,-3.044332839,0.263656300,2.224248487,0.076709562,-0.306074303,-0.454075992
2026-04-18T06:02:54.750486+00:00,1776492174.750485897,215.320000000,0.360570563,-7.290849265,17.176753650,0.029948395,-0.195701804,-0.010182848,0.481924058,0.225477171,-2.162303134,-0.068721141,-0.132835215,-0.012447189,4.819240579,2.254771712,-21.623031343,-0.687211407,-1.328352155,-0.124471886
2026-04-18T06:02:54.938287+00:00,1776492174.938287020,215.420000000,0.454382470,-7.105623837,16.773013665,0.256432929,-0.080048843,0.099087432,0.093811907,0.185225429,-0.403739986,0.226484534,0.115652960,0.109270280,0.938119075,1.852254289,-4.037399859,2.264845343,1.156529603,1.092702802
2026-04-18T06:02:55.126508+00:00,1776492175.126507998,215.522000000,-0.345799789,-1.622776686,7.461722138,-1.302656002,-0.605691937,-0.016870692,0.000000000,0.000000000,0.000000000,0.000000000,0.000000000,0.000000000,0.000000000,0.000000000,0.000000000,0.000000000,0.000000000,0.000000000
2026-04-18T06:02:55.299529+00:00,1776492175.299529076,215.624000000,-0.215502318,-1.935506465,7.321863466,-1.152486039,-0.395373319,0.000725236,0.000000000,0.000000000,0.000000000,0.000000000,0.000000000,0.000000000,0.000000000,0.000000000,0.000000000,0.000000000,0.000000000,0.000000000
2026-04-18T06:02:55.469888+00:00,1776492175.469887972,215.706000000,-0.099775566,-2.494513231,7.672891957,-1.203339371,-0.477254908,0.017874491,0.115726752,-0.559006766,0.351028491,-0.050853332,-0.081881589,0.017149255,1.157267516,-5.590067655,3.510284911,-0.508533321,-0.818815887,0.171492554
2026-04-18T06:02:55.592948+00:00,1776492175.592947960,215.806000000,-0.363184159,-2.233675662,7.381092206,-1.200650120,-0.459025279,0.072350163,0.000000000,0.000000000,0.000000000,0.000000000,0.000000000,0.000000000,0.000000000,0.000000000,0.000000000,0.000000000,0.000000000,0.000000000
2026-04-18T06:02:55.756771+00:00,1776492175.756771088,215.906000000,-0.202829545,-2.354945780,7.647908841,-1.095942380,-0.559260179,0.001665012,0.160354614,-0.121270118,0.266816635,0.104707740,-0.100234900,-0.070685151,1.603546144,-1.212701180,2.668166345,1.047077402,-1.002349001,-0.706851512
2026-04-18T06:02:55.959071+00:00,1776492175.959070921,216.006000000,-0.400063458,-2.169158882,7.488744212,-1.252496285,-0.555297222,-0.029705471,-0.197233914,0.185786898,-0.159164629,-0.156553905,0.003962957,-0.031370483,-1.972339138,1.857868979,-1.591646289,-1.565539049,0.039629571,-0.313704831
2026-04-18T06:02:56.152636+00:00,1776492176.152636051,216.110000000,-0.490702561,-2.555340804,7.337389428,-1.174246369,-0.610614206,-0.057304330,0.000000000,0.000000000,0.000000000,0.000000000,0.000000000,0.000000000,0.000000000,0.000000000,0.000000000,0.000000000,0.000000000,0.000000000
2026-04-18T06:02:56.366201+00:00,1776492176.366200924,216.212000000,-0.190831769,-2.647196074,7.692061562,-1.056144268,-0.420240513,-0.032218625,0.000000000,0.000000000,0.000000000,0.000000000,0.000000000,0.000000000,0.000000000,0.000000000,0.000000000,0.000000000,0.000000000,0.000000000
2026-04-18T06:02:56.518929+00:00,1776492176.518929005,216.312000000,0.064875385,-2.095885834,7.424766039,-1.182766783,-0.402246416,-0.173181532,0.000000000,0.000000000,0.000000000,0.000000000,0.000000000,0.000000000,0.000000000,0.000000000,0.000000000,0.000000000,0.000000000,0.000000000
2026-04-18T06:02:56.679708+00:00,1776492176.679708004,216.414000000,-0.308774950,-2.542726237,7.378353313,-1.146870881,-0.456080459,-0.010485220,0.000000000,0.000000000,0.000000000,0.000000000,0.000000000,0.000000000,0.000000000,0.000000000,0.000000000,0.000000000,0.000000000,0.000000000
2026-04-18T06:02:56.843329+00:00,1776492176.843328953,216.514000000,-0.080353414,-2.189089752,7.415598051,-1.176532838,-0.516361164,0.113702286,0.000000000,0.000000000,0.000000000,0.000000000,0.000000000,0.000000000,0.000000000,0.000000000,0.000000000,0.000000000,0.000000000,0.000000000
2026-04-18T06:02:57.005735+00:00,1776492177.005734921,216.614000000,-0.064816820,-2.348215315,7.665428141,-1.218514806,-0.454718158,-0.027226879,0.015536595,-0.159125563,0.249830091,-0.041981969,0.061643006,-0.140929166,0.155365946,-1.591255632,2.498300905,-0.419819689,0.616430062,-1.409291656
2026-04-18T06:02:57.201082+00:00,1776492177.201081991,216.714000000,0.033153923,-2.200259586,7.813836431,-1.278688998,-0.441139782,-0.135052360,0.097970743,0.147955729,0.148408290,-0.060174192,0.013578375,-0.107825480,0.979707427,1.479557285,1.484082902,-0.601741919,0.135783755,-1.078254803
2026-04-18T06:02:57.324914+00:00,1776492177.324913979,216.814000000,-0.259744922,-2.675431146,7.553340419,-1.242616717,-0.608258986,0.068231197,-0.292898845,-0.475171559,-0.260496012,0.036072281,-0.167119204,0.203283557,-2.928988448,-4.751715593,-2.604960124,0.360722815,-1.671192037,2.032835572
2026-04-18T06:02:57.474823+00:00,1776492177.474822998,216.920000000,-0.003448232,-2.294104319,7.580512030,-1.194285281,-0.544955125,-0.070009336,0.000000000,0.000000000,0.000000000,0.000000000,0.000000000,0.000000000,0.000000000,0.000000000,0.000000000,0.000000000,0.000000000,0.000000000
2026-04-18T06:02:57.638331+00:00,1776492177.638330936,217.020000000,0.183730636,-2.288425830,7.645948609,-1.238601130,-0.561916275,-0.121581461,0.000000000,0.000000000,0.000000000,0.000000000,0.000000000,0.000000000,0.000000000,0.000000000,0.000000000,0.000000000,0.000000000,0.000000000
2026-04-18T06:02:57.810161+00:00,1776492177.810161114,217.120000000,-0.159753532,-2.191280279,7.368971753,-1.187086574,-0.577255307,0.039448578,-0.343484168,0.097145551,-0.276976856,0.051514557,-0.015339032,0.161030039,-3.434841682,0.971455509,-2.769768559,0.515145565,-0.153390320,1.610300391
2026-04-18T06:02:57.998524+00:00,1776492177.998523951,217.202000000,0.155066311,-1.995889890,7.886161527,-1.206584713,-0.402205736,0.055873824,0.314819843,0.195390389,0.517189774,-0.019498139,0.175049571,0.016425245,3.148198432,1.953903890,5.171897738,-0.194981394,1.750495709,0.164252454
2026-04-18T06:02:58.148026+00:00,1776492178.148025990,217.302000000,-0.020911623,-2.326144622,7.787890477,-1.148715620,-0.349748714,-0.048805251,-0.175977935,-0.330254731,-0.098271050,0.057869093,0.052457022,-0.104679074,-1.759779345,-3.302547314,-0.982710500,0.578690930,0.524570220,-1.046790743
2026-04-18T06:02:58.326545+00:00,1776492178.326545000,217.402000000,-0.393724978,-1.929369014,7.325143934,-1.175450322,-0.614570669,0.008955241,-0.372813355,0.396775608,-0.462746543,-0.026734702,-0.264821954,0.057760492,-3.728133549,3.967756079,-4.627465427,-0.267347019,-2.648219544,0.577604919
2026-04-18T06:02:58.507788+00:00,1776492178.507787943,217.502000000,0.179455800,-2.302706238,7.581821885,-1.170218456,-0.490467158,-0.016391727,0.000000000,0.000000000,0.000000000,0.000000000,0.000000000,0.000000000,0.000000000,0.000000000,0.000000000,0.000000000,0.000000000,0.000000000
2026-04-18T06:02:58.709131+00:00,1776492178.709131002,217.604000000,-0.121542953,-2.336223048,7.391090878,-1.231888369,-0.529175985,0.033054574,0.000000000,0.000000000,0.000000000,0.000000000,0.000000000,0.000000000,0.000000000,0.000000000,0.000000000,0.000000000,0.000000000,0.000000000
2026-04-18T06:02:58.936415+00:00,1776492178.936414957,217.704000000,-0.163112527,-2.293739240,7.661208141,-1.162704322,-0.485783695,0.071428707,-0.041569575,0.042483807,0.270117264,0.069184047,0.043392290,0.038374133,-0.415695746,0.424838074,2.701172635,0.691840467,0.433922898,0.383741330
2026-04-18T06:02:59.138894+00:00,1776492179.138894081,217.806000000,-0.216473325,-2.074610634,8.010073467,-1.150479213,-0.401386694,0.015417015,0.000000000,0.000000000,0.000000000,0.000000000,0.000000000,0.000000000,0.000000000,0.000000000,0.000000000,0.000000000,0.000000000,0.000000000
2026-04-18T06:02:59.365531+00:00,1776492179.365530968,217.906000000,-0.261815428,-2.406855658,7.496249250,-1.141975453,-0.580251353,-0.022191955,-0.045342103,-0.332245024,-0.513824217,0.008503760,-0.178864658,-0.037608970,-0.453421029,-3.322450238,-5.138242167,0.085037601,-1.788646584,-0.376089702
2026-04-18T06:02:59.584275+00:00,1776492179.584275007,218.006000000,-0.131524001,-2.151471101,7.607333165,-1.233945910,-0.510560378,-0.046763551,0.130291426,0.255384557,0.111083915,-0.091970457,0.069690974,-0.024571595,1.302914263,2.553845573,1.110839147,-0.919704571,0.696909742,-0.245715955
2026-04-18T06:02:59.807871+00:00,1776492179.807871103,218.106000000,-0.102701710,-2.523906621,7.584641677,-1.233150495,-0.474950766,-0.102825311,0.028822291,-0.372435520,-0.022691488,0.000795415,0.035609612,-0.056061760,0.288222909,-3.724355202,-0.226914885,0.007954153,0.356096121,-0.560617597
2026-04-18T06:03:00.046982+00:00,1776492180.046982050,218.206000000,-0.101403381,-2.295468039,7.144715677,-1.237039892,-0.496595279,0.085496758,0.001298330,0.228438582,-0.439926000,-0.003889397,-0.021644512,0.188322069,0.012983297,2.284385825,-4.399259998,-0.038893966,-0.216445122,1.883220685
2026-04-18T06:03:00.270812+00:00,1776492180.270812035,218.308000000,-0.105287716,-2.161964375,7.186156008,-1.346912030,-0.446167004,0.060584985,0.000000000,0.000000000,0.000000000,0.000000000,0.000000000,0.000000000,0.000000000,0.000000000,0.000000000,0.000000000,0.000000000,0.000000000
2026-04-18T06:03:00.509631+00:00,1776492180.509630919,218.408000000,0.415532749,-2.320100055,7.884301745,-1.226146786,-0.522497394,0.063894714,0.520820465,-0.158135680,0.698145736,0.120765244,-0.076330391,0.003309729,5.208204652,-1.581356804,6.981457362,1.207652438,-0.763303908,0.033097291
2026-04-18T06:03:00.744449+00:00,1776492180.744448900,218.508000000,0.345832120,-2.493525462,7.492525057,-1.346638651,-0.366478472,-0.028392030,0.000000000,0.000000000,0.000000000,0.000000000,0.000000000,0.000000000,0.000000000,0.000000000,0.000000000,0.000000000,0.000000000,0.000000000
2026-04-18T06:03:00.983106+00:00,1776492180.983105898,218.608000000,-0.086345818,-2.193186746,7.568425214,-1.142820477,-0.465378373,-0.089481773,-0.432177938,0.300338716,0.075900157,0.203818173,-0.098899901,-0.061089743,-4.321779380,3.003387164,0.759001569,2.038181731,-0.988999007,-0.610897425
2026-04-18T06:03:01.240643+00:00,1776492181.240643024,218.708000000,0.288445928,-2.856534280,7.675804655,-1.013420437,-0.510090354,-0.036007153,0.374791746,-0.663347534,0.107379441,0.129400041,-0.044711982,0.053474620,3.747917458,-6.633475342,1.073794413,1.294000405,-0.447119816,0.534746200
2026-04-18T06:03:01.476008+00:00,1776492181.476007938,218.808000000,0.331340437,-2.416887356,7.716176476,-1.139449018,-0.480070577,-0.027250602,0.042894509,0.439646924,0.040371821,-0.126028581,0.030019777,0.008756551,0.428945086,4.396469242,0.403718208,-1.260285812,0.300197770,0.087565506
2026-04-18T06:03:01.723552+00:00,1776492181.723551989,218.908000000,0.346865554,-1.985644323,7.721701042,-1.221995645,-0.444428447,0.009129235,0.015525118,0.431243033,0.005524566,-0.082546627,0.035642130,0.036379837,0.155251178,4.312430326,0.055245659,-0.825466268,0.356421304,0.363798371
2026-04-18T06:03:01.973475+00:00,1776492181.973474979,219.008000000,0.629478938,-1.514290169,7.671592481,-1.693944502,0.086413942,0.035581463,0.000000000,0.000000000,0.000000000,0.000000000,0.000000000,0.000000000,0.000000000,0.000000000,0.000000000,0.000000000,0.000000000,0.000000000
2026-04-18T06:03:02.233222+00:00,1776492182.233222008,219.108000000,0.175263016,-2.161254026,7.317572181,-1.007803201,-0.669936905,-0.018292363,-0.454215921,-0.646963856,-0.354020300,0.686141301,-0.756350847,-0.053873826,-4.542159214,-6.469638564,-3.540202997,6.861413009,-7.563508467,-0.538738260
2026-04-18T06:03:02.486199+00:00,1776492182.486198902,219.210000000,-0.054372127,-2.837716079,7.677555455,-1.051203117,-0.664162865,-0.024583680,0.000000000,0.000000000,0.000000000,0.000000000,0.000000000,0.000000000,0.000000000,0.000000000,0.000000000,0.000000000,0.000000000,0.000000000
2026-04-18T06:03:02.720789+00:00,1776492182.720788956,219.310000000,0.026271833,-2.500374879,7.456900987,-1.190771924,-0.542664521,-0.050796618,0.080643960,0.337341200,-0.220654468,-0.139568807,0.121498344,-0.026212938,0.806439600,3.373411996,-2.206544678,-1.395688070,1.214983444,-0.262129383
2026-04-18T06:03:02.960279+00:00,1776492182.960278988,219.410000000,-0.196304209,-2.402773991,7.751663141,-1.161127389,-0.447013792,-0.002861955,-0.222576042,0.097600888,0.294762154,0.029644535,0.095650729,0.047934663,-2.225760418,0.976008877,2.947621542,0.296445348,0.956507294,0.479346635
2026-04-18T06:03:03.202383+00:00,1776492183.202383041,219.512000000,-0.294637460,-1.940937294,7.901817234,-1.242639094,-0.701429024,-0.080018172,0.000000000,0.000000000,0.000000000,0.000000000,0.000000000,0.000000000,0.000000000,0.000000000,0.000000000,0.000000000,0.000000000,0.000000000
2026-04-18T06:03:03.460640+00:00,1776492183.460639954,219.612000000,-0.199866318,-1.676724169,7.713065842,-1.278526697,-0.601152580,-0.016174523,0.094771142,0.264213125,-0.188751392,-0.035887604,0.100276445,0.063843649,0.947711423,2.642131248,-1.887513920,-0.358876036,1.002764446,0.638436490
2026-04-18T06:03:03.705295+00:00,1776492183.705295086,219.712000000,-0.594972834,-1.878205072,7.811779818,-1.227132371,-0.525063673,-0.027488153,-0.395106517,-0.201480904,0.098713977,0.051394326,0.076088906,-0.011313630,-3.951065166,-2.014809036,0.987139769,0.513943258,0.760889063,-0.113136303
2026-04-18T06:03:03.951877+00:00,1776492183.951877117,219.812000000,-0.467647916,-2.075781357,7.481176869,-1.277002611,-0.555856280,0.087686986,0.000000000,0.000000000,0.000000000,0.000000000,0.000000000,0.000000000,0.000000000,0.000000000,0.000000000,0.000000000,0.000000000,0.000000000
2026-04-18T06:03:04.197637+00:00,1776492184.197637081,219.912000000,0.968450019,-1.464247919,7.683107552,-1.705729453,-0.190482892,-0.012437206,1.436097935,0.611533438,0.201930683,-0.428726842,0.365373388,-0.100124191,14.360979350,6.115334381,2.019306828,-4.287268419,3.653733879,-1.001241913
2026-04-18T06:03:04.445287+00:00,1776492184.445286989,220.012000000,-0.138780295,-2.554480162,7.711555600,-1.251853518,-0.581499981,-0.134675961,-1.107230314,-1.090232243,0.028448049,0.453875935,-0.391017089,-0.122238755,-11.072303142,-10.902322431,0.284480487,4.538759347,-3.910170886,-1.222387550
2026-04-18T06:03:04.683498+00:00,1776492184.683497906,220.112000000,0.011902776,-2.342023266,7.887820431,-1.183680018,-0.729978700,-0.052423603,0.150683072,0.212456896,0.176264830,0.068173500,-0.148478719,0.082252358,1.506830719,2.124568959,1.762648303,0.681734999,-1.484787194,0.822523578
2026-04-18T06:03:04.909916+00:00,1776492184.909915924,220.212000000,0.424687327,-2.447925432,7.409310944,-1.247882617,-0.562896983,-0.074458890,0.412784551,-0.105902166,-0.478509486,-0.064202598,0.167081718,-0.022035287,4.127845508,-1.059021660,-4.785094865,-0.642025985,1.670817175,-0.220352866
2026-04-18T06:03:05.123009+00:00,1776492185.123008966,220.314000000,0.077901716,-2.919330240,7.795733202,-1.119016023,-0.710952311,-0.056428679,0.000000000,0.000000000,0.000000000,0.000000000,0.000000000,0.000000000,0.000000000,0.000000000,0.000000000,0.000000000,0.000000000,0.000000000
2026-04-18T06:03:05.364508+00:00,1776492185.364507914,220.414000000,0.113431075,-2.361474173,7.554660521,-1.190857192,-0.480980624,0.021277703,0.035529359,0.557856067,-0.241072681,-0.071841169,0.229971687,0.077706382,0.355293590,5.578560669,-2.410726809,-0.718411686,2.299716871,0.777063822
2026-04-18T06:03:05.591288+00:00,1776492185.591288090,220.514000000,-0.119828680,-1.877459108,7.344698424,-1.224364757,-0.681800737,-0.078586303,0.000000000,0.000000000,0.000000000,0.000000000,0.000000000,0.000000000,0.000000000,0.000000000,0.000000000,0.000000000,0.000000000,0.000000000
2026-04-18T06:03:05.817852+00:00,1776492185.817852020,220.614000000,-0.056756910,-2.178932192,7.660259980,-1.320097945,-0.676284770,0.085257107,0.063071770,-0.301473084,0.315561556,-0.095733188,0.005515967,0.163843410,0.630717698,-3.014730841,3.155615563,-0.957331879,0.055159665,1.638434098
2026-04-18T06:03:06.049924+00:00,1776492186.049923897,220.714000000,-0.081944214,-2.202176692,7.923907029,-1.365609548,-0.563667191,-0.050854447,-0.025187304,-0.023244500,0.263647049,-0.045511604,0.112617579,-0.136111554,-0.251873043,-0.232444996,2.636470494,-0.455116038,1.126175792,-1.361115542
2026-04-18T06:03:06.275057+00:00,1776492186.275057077,220.814000000,0.277957882,-2.139595292,7.450614365,-1.252458316,-0.570375254,-0.053235494,0.359902096,0.062581400,-0.473292665,0.113151232,-0.006708063,-0.002381046,3.599020965,0.625813999,-4.732926649,1.131512321,-0.067080626,-0.023810464
2026-04-18T06:03:06.506343+00:00,1776492186.506342888,220.914000000,0.241174474,-1.760130146,7.457658671,-1.198449271,-0.633389762,0.039497394,-0.036783408,0.379465146,0.007044306,0.054009046,-0.063014509,0.092732888,-0.367834077,3.794651458,0.070443062,0.540090456,-0.630145089,0.927328878
2026-04-18T06:03:06.741484+00:00,1776492186.741483927,221.014000000,0.567517464,-2.282488090,7.945052583,-1.288341905,-0.454938713,-0.029138263,0.000000000,0.000000000,0.000000000,0.000000000,0.000000000,0.000000000,0.000000000,0.000000000,0.000000000,0.000000000,0.000000000,0.000000000
2026-04-18T06:03:06.956418+00:00,1776492186.956418037,221.114000000,-0.090961253,-2.099401604,7.447896642,-1.283016908,-0.619803623,0.096706684,-0.658478717,0.183086486,-0.497155941,0.005324997,-0.164864910,0.125844947,-6.584787168,1.830864864,-4.971559407,0.053249967,-1.648649101,1.258449472
2026-04-18T06:03:07.185623+00:00,1776492187.185622931,221.214000000,-0.190771684,-2.247457701,7.727411447,-1.316196424,-0.759694227,0.051505782,-0.099810431,-0.148056097,0.279514805,-0.033179516,-0.139890604,-0.045200902,-0.998104313,-1.480560967,2.795148054,-0.331795159,-1.398906042,-0.452009021
2026-04-18T06:03:07.408599+00:00,1776492187.408598900,221.314000000,0.277806791,-1.907728926,7.813405263,-1.365370836,-0.440382900,0.008894833,0.468578475,0.339728774,0.085993816,-0.049174412,0.319311327,-0.042610949,4.685784749,3.397287745,0.859938159,-0.491744121,3.193113275,-0.426109487
2026-04-18T06:03:07.628950+00:00,1776492187.628950119,221.414000000,0.228911369,-1.905536054,7.603012911,-1.291465636,-0.518103834,-0.056753077,-0.048895422,0.002192872,-0.210392353,0.073905200,-0.077720934,-0.065647910,-0.488954218,0.021928719,-2.103923527,0.739051997,-0.777209343,-0.656479100
2026-04-18T06:03:07.864248+00:00,1776492187.864248037,221.514000000,-0.189657471,-2.306941278,7.400153158,-1.247694716,-0.482321593,-0.056935926,0.000000000,0.000000000,0.000000000,0.000000000,0.000000000,0.000000000,0.000000000,0.000000000,0.000000000,0.000000000,0.000000000,0.000000000
2026-04-18T06:03:08.092944+00:00,1776492188.092943907,221.616000000,0.131179992,-1.997857719,7.533784660,-1.368958790,-0.477040723,-0.064145331,0.000000000,0.000000000,0.000000000,0.000000000,0.000000000,0.000000000,0.000000000,0.000000000,0.000000000,0.000000000,0.000000000,0.000000000
2026-04-18T06:03:08.326909+00:00,1776492188.326909065,221.718000000,0.090748955,-2.113096798,7.529940832,-1.307286409,-0.602015137,0.058305855,0.000000000,0.000000000,0.000000000,0.000000000,0.000000000,0.000000000,0.000000000,0.000000000,0.000000000,0.000000000,0.000000000,0.000000000
2026-04-18T06:03:08.547217+00:00,1776492188.547216892,221.818000000,0.061485110,-2.059750892,7.769253425,-1.274806387,-0.683605840,-0.041558345,0.000000000,0.000000000,0.000000000,0.000000000,0.000000000,0.000000000,0.000000000,0.000000000,0.000000000,0.000000000,0.000000000,0.000000000
2026-04-18T06:03:08.760056+00:00,1776492188.760056019,221.918000000,0.223570859,-1.883502704,7.427487059,-1.346420050,-0.583469708,0.076060630,0.162085749,0.176248188,-0.341766366,-0.071613663,0.100136132,0.117618975,1.620857487,1.762481878,-3.417663664,-0.716136628,1.001361319,1.176189747
2026-04-18T06:03:08.973612+00:00,1776492188.973612070,222.002000000,0.022140182,-1.615043931,7.545330485,-1.358471143,-0.607548749,0.017067499,-0.201430677,0.268458773,0.117843426,-0.012051093,-0.024079041,-0.058993131,-2.014306769,2.684587731,1.178434265,-0.120510930,-0.240790409,-0.589931315
2026-04-18T06:03:09.184872+00:00,1776492189.184871912,222.102000000,-0.083204145,-2.326720036,7.539854284,-1.357711963,-0.672180059,-0.044262144,-0.105344327,-0.711676105,-0.005476202,0.000759180,-0.064631310,-0.061329642,-1.053443270,-7.116761046,-0.054762016,0.007591803,-0.646313099,-0.613296423
2026-04-18T06:03:09.414390+00:00,1776492189.414390087,222.222000000,0.012141380,-2.180807274,7.442148754,-1.219160903,-0.723441510,0.032171442,0.000000000,0.000000000,0.000000000,0.000000000,0.000000000,0.000000000,0.000000000,0.000000000,0.000000000,0.000000000,0.000000000,0.000000000
2026-04-18T06:03:09.612003+00:00,1776492189.612003088,222.302000000,0.197131830,-1.749238226,7.441434047,-1.287295990,-0.597041150,0.009413373,0.184990450,0.431569048,-0.000714707,-0.068135087,0.126400361,-0.022758069,1.849904499,4.315690481,-0.007147069,-0.681350874,1.264003607,-0.227580691
2026-04-18T06:03:09.825361+00:00,1776492189.825361013,222.402000000,0.402373302,-2.240411601,7.540316559,-1.356114699,-0.530746728,-0.035379645,0.205241472,-0.491173376,0.098882512,-0.068818709,0.066294422,-0.044793017,2.052414724,-4.911733757,0.988825116,-0.688187087,0.662944221,-0.447930174
2026-04-18T06:03:10.039451+00:00,1776492190.039450884,222.504000000,0.270387255,-2.038895860,7.477298724,-1.242873682,-0.578416950,0.049781136,0.000000000,0.000000000,0.000000000,0.000000000,0.000000000,0.000000000,0.000000000,0.000000000,0.000000000,0.000000000,0.000000000,0.000000000
2026-04-18T06:03:10.268686+00:00,1776492190.268686056,222.604000000,0.478156655,-2.273607999,7.292561840,-1.219258852,-0.583259918,-0.106785224,0.000000000,0.000000000,0.000000000,0.000000000,0.000000000,0.000000000,0.000000000,0.000000000,0.000000000,0.000000000,0.000000000,0.000000000
2026-04-18T06:03:10.495598+00:00,1776492190.495598078,222.704000000,0.546006680,-1.869450441,7.602640171,-1.316818841,-0.599182902,-0.001073559,0.067850025,0.404157558,0.310078332,-0.097559989,-0.015922984,0.105711665,0.678500250,4.041575582,3.100783317,-0.975599890,-0.159229841,1.057116649
2026-04-18T06:03:10.706973+00:00,1776492190.706973076,222.804000000,0.043799333,-2.028797775,7.419896024,-1.230495047,-0.682270601,0.024878177,-0.502207347,-0.159347334,-0.182744148,0.086323794,-0.083087699,0.025951736,-5.022073468,-1.593473342,-1.827441477,0.863237942,-0.830876992,0.259517362
2026-04-18T06:03:10.935705+00:00,1776492190.935704947,222.904000000,0.201620107,-2.135131235,7.151916697,-1.313222529,-0.682273017,-0.063557415,0.157820774,-0.106333460,-0.267979326,-0.082727482,-0.000002416,-0.088435592,1.578207741,-1.063334602,-2.679793262,-0.827274817,-0.000024160,-0.884355924
2026-04-18T06:03:11.149171+00:00,1776492191.149171114,223.004000000,0.050583985,-1.817803614,7.542310382,-1.274508841,-0.675262248,-0.079133178,-0.151036122,0.317327622,0.390393685,0.038713687,0.007010769,-0.015575763,-1.510361217,3.173276216,3.903936847,0.387136872,0.070107691,-0.155757630
2026-04-18T06:03:11.372177+00:00,1776492191.372176886,223.104000000,0.411574716,-2.248576476,7.457114781,-1.346724883,-0.644940829,0.073795357,0.000000000,0.000000000,0.000000000,0.000000000,0.000000000,0.000000000,0.000000000,0.000000000,0.000000000,0.000000000,0.000000000,0.000000000
2026-04-18T06:03:11.585955+00:00,1776492191.585954905,223.204000000,0.196624356,-2.344468712,7.467318055,-1.171405859,-0.606299533,0.075726263,-0.214950360,-0.095892236,0.010203274,0.175319024,0.038641296,0.001930906,-2.149503600,-0.958922357,0.102032737,1.753190240,0.386412960,0.019309055
2026-04-18T06:03:11.811464+00:00,1776492191.811464071,223.304000000,-0.393974974,-1.450552794,7.411896978,-1.374134271,-0.608038876,0.016085747,-0.590599330,0.893915917,-0.055421077,-0.202728412,-0.001739342,-0.059640516,-5.905993296,8.939159174,-0.554210770,-2.027284116,-0.017393422,-0.596405159
2026-04-18T06:03:12.050016+00:00,1776492192.050015926,223.404000000,-1.014021576,-2.155162286,7.666725047,-1.257357206,-0.860527388,-0.057995303,-0.620046602,-0.704609492,0.254828069,0.116777065,-0.252488512,-0.074081050,-6.200466016,-7.046094916,2.548280687,1.167770650,-2.524885122,-0.740810505
2026-04-18T06:03:12.318103+00:00,1776492192.318103075,223.504000000,-0.736321318,-1.380461029,7.957487850,-1.392691184,-0.825624294,-0.048668470,0.277700257,0.774701257,0.290762804,-0.135333978,0.034903094,0.009326833,2.777002571,7.747012572,2.907628039,-1.353339781,0.349030937,0.093268332
2026-04-18T06:03:12.574699+00:00,1776492192.574698925,223.604000000,-0.130123082,-1.972655235,7.394038113,-1.244986879,-0.658947265,-0.191756672,0.000000000,0.000000000,0.000000000,0.000000000,0.000000000,0.000000000,0.000000000,0.000000000,0.000000000,0.000000000,0.000000000,0.000000000
2026-04-18T06:03:12.832181+00:00,1776492192.832180977,223.704000000,0.134235881,-2.115490216,7.710413746,-1.225282015,-0.864760287,-0.001453298,0.264358963,-0.142834981,0.316375633,0.019704864,-0.205813022,0.190303374,2.643589631,-1.428349814,3.163756328,0.197048638,-2.058130217,1.903033744
2026-04-18T06:03:13.071728+00:00,1776492193.071727991,223.804000000,-0.145281781,-2.291697527,7.271087916,-1.119692578,-0.702245761,0.071357196,-0.279517662,-0.176207311,-0.439325830,0.105589437,0.162514525,0.072810494,-2.795176623,-1.762073106,-4.393258298,1.055894373,1.625145250,0.728104939
2026-04-18T06:03:13.314910+00:00,1776492193.314909935,223.904000000,-0.602325827,-1.855499830,7.830376655,-1.341038072,-0.910575358,-0.018796670,-0.457044046,0.436197696,0.559288739,-0.221345494,-0.208329596,-0.090153866,-4.570440462,4.361976965,5.592887390,-2.213454936,-2.083295960,-0.901538663
2026-04-18T06:03:13.573579+00:00,1776492193.573579073,224.004000000,0.340587016,-1.651966369,7.518071485,-1.312319277,-0.647407724,0.060928518,0.942912843,0.203533461,-0.312305171,0.028718795,0.263167633,0.079725188,9.429128429,2.035334609,-3.123051707,0.287187947,2.631676333,0.797251881
2026-04-18T06:03:13.818625+00:00,1776492193.818624973,224.106000000,-0.292493628,-2.203451398,7.302572512,-1.377839924,-0.626866183,0.066035158,0.000000000,0.000000000,0.000000000,0.000000000,0.000000000,0.000000000,0.000000000,0.000000000,0.000000000,0.000000000,0.000000000,0.000000000
2026-04-18T06:03:14.047211+00:00,1776492194.047210932,224.206000000,0.158607285,-2.165768568,7.811803227,-1.297096079,-0.630248651,-0.030720458,0.451100913,0.037682830,0.509230715,0.080743845,-0.003382469,-0.096755617,4.511009127,0.376828301,5.092307150,0.807438449,-0.033824685,-0.967556169
2026-04-18T06:03:14.250297+00:00,1776492194.250297070,224.308000000,-0.136425035,-2.163710745,7.559464405,-1.347720969,-0.541276198,-0.021890464,0.000000000,0.000000000,0.000000000,0.000000000,0.000000000,0.000000000,0.000000000,0.000000000,0.000000000,0.000000000,0.000000000,0.000000000
2026-04-18T06:03:14.450012+00:00,1776492194.450011969,224.408000000,-0.083898979,-2.311926739,7.694253999,-1.309491860,-0.651782499,0.040337498,0.052526056,-0.148215994,0.134789594,0.038229109,-0.110506300,0.062227961,0.525260562,-1.482159938,1.347895937,0.382291090,-1.105063004,0.622279615
2026-04-18T06:03:14.676389+00:00,1776492194.676388979,224.510000000,0.045621339,-2.111242337,7.072030952,-1.137754990,-0.638581136,-0.061166878,0.000000000,0.000000000,0.000000000,0.000000000,0.000000000,0.000000000,0.000000000,0.000000000,0.000000000,0.000000000,0.000000000,0.000000000
2026-04-18T06:03:14.910710+00:00,1776492194.910710096,224.610000000,-0.189151781,-2.161179476,7.564554425,-1.295532734,-0.680327437,-0.090732775,0.000000000,0.000000000,0.000000000,0.000000000,0.000000000,0.000000000,0.000000000,0.000000000,0.000000000,0.000000000,0.000000000,0.000000000
2026-04-18T06:03:15.144238+00:00,1776492195.144237995,224.710000000,-0.440113150,-1.393394165,7.357854300,-1.259648434,-0.757332969,-0.105434965,-0.250961369,0.767785311,-0.206700125,0.035884300,-0.077005532,-0.014702190,-2.509613693,7.677853114,-2.067001249,0.358842999,-0.770055320,-0.147021904
2026-04-18T06:03:15.365562+00:00,1776492195.365561962,224.810000000,-0.640645065,-2.373397637,7.343093642,-1.235607197,-0.545047393,-0.064816991,-0.200531915,-0.980003472,-0.014760658,0.024041237,0.212285576,0.040617974,-2.005319147,-9.800034723,-0.147606577,0.240412369,2.122855761,0.406179740
2026-04-18T06:03:15.584856+00:00,1776492195.584856033,224.910000000,-0.303852426,-2.057792644,7.271474725,-1.223432630,-0.725065043,0.011777925,0.336792639,0.315604992,-0.071618917,0.012174567,-0.180017650,0.076594917,3.367926393,3.156049925,-0.716189167,0.121745668,-1.800176499,0.765949166
2026-04-18T06:03:15.802537+00:00,1776492195.802536964,225.010000000,-0.365141409,-2.121780555,7.344405324,-1.260817706,-0.641474407,-0.069176688,-0.061288983,-0.063987910,0.072930599,-0.037385076,0.083590636,-0.080954613,-0.612889831,-0.639879104,0.729305986,-0.373850761,0.835906364,-0.809546132
2026-04-18T06:03:16.015954+00:00,1776492196.015954018,225.112000000,-0.608256446,-2.085558363,7.419364408,-1.194759960,-0.697009807,-0.007319793,0.000000000,0.000000000,0.000000000,0.000000000,0.000000000,0.000000000,0.000000000,0.000000000,0.000000000,0.000000000,0.000000000,0.000000000
2026-04-18T06:03:16.250145+00:00,1776492196.250144958,225.212000000,0.155518652,-3.208379856,6.849404944,-0.991555090,-0.493319491,-0.004089797,0.763775099,-1.122821493,-0.569959463,0.203204869,0.203690316,0.003229996,7.637750987,-11.228214926,-5.699594631,2.032048693,2.036903163,0.032299963
2026-04-18T06:03:16.495561+00:00,1776492196.495560884,225.312000000,0.005992323,-2.870165432,7.638926722,-1.213222543,-0.564907456,0.038295495,0.000000000,0.000000000,0.000000000,0.000000000,0.000000000,0.000000000,0.000000000,0.000000000,0.000000000,0.000000000,0.000000000,0.000000000
2026-04-18T06:03:16.738152+00:00,1776492196.738152027,225.412000000,-0.249291872,-2.356196248,7.321865768,-1.140314903,-0.581962268,-0.024668862,-0.255284195,0.513969183,-0.317060953,0.072907641,-0.017054812,-0.062964357,-2.552841949,5.139691832,-3.170609533,0.729076405,-0.170548123,-0.629643566
2026-04-18T06:03:16.977885+00:00,1776492196.977885008,225.512000000,-0.354130801,-2.445480199,7.241290488,-1.286733522,-0.537559266,0.002584850,-0.104838929,-0.089283951,-0.080575281,-0.146418620,0.044403002,0.027253712,-1.048389290,-0.892839511,-0.805752806,-1.464186199,0.444030022,0.272537118
2026-04-18T06:03:17.207128+00:00,1776492197.207128048,225.614000000,-0.436667937,-2.350959709,7.205322455,-1.337672448,-0.457085430,-0.013977271,0.000000000,0.000000000,0.000000000,0.000000000,0.000000000,0.000000000,0.000000000,0.000000000,0.000000000,0.000000000,0.000000000,0.000000000
2026-04-18T06:03:17.436427+00:00,1776492197.436427116,225.714000000,-0.039131942,-2.632545636,7.611531033,-1.072624555,-0.452700303,0.023864179,0.397535995,-0.281585926,0.406208578,0.265047893,0.004385126,0.037841450,3.975359949,-2.815859265,4.062085781,2.650478926,0.043851264,0.378414502
2026-04-18T06:03:17.655151+00:00,1776492197.655150890,225.814000000,-0.257563040,-2.281942971,7.910104596,-1.195252632,-0.453051338,-0.096292824,-0.218431098,0.350602665,0.298573563,-0.122628077,-0.000351035,-0.120157004,-2.184310977,3.506026649,2.985735629,-1.226280770,-0.003510347,-1.201570037
2026-04-18T06:03:17.878804+00:00,1776492197.878803968,225.914000000,-0.373287699,-2.096060383,7.897483725,-1.156915055,-0.600057338,-0.033204780,-0.115724659,0.185882587,-0.012620870,0.038337577,-0.147006000,0.063088044,-1.157246590,1.858825875,-0.126208704,0.383375772,-1.470059999,0.630880445
2026-04-18T06:03:18.084906+00:00,1776492198.084906101,226.016000000,-0.341496336,-2.391882580,7.718309679,-1.186381406,-0.589691721,0.000106764,0.000000000,0.000000000,0.000000000,0.000000000,0.000000000,0.000000000,0.000000000,0.000000000,0.000000000,0.000000000,0.000000000,0.000000000
2026-04-18T06:03:18.297398+00:00,1776492198.297398090,226.116000000,-0.224067290,-2.540758651,7.164015742,-1.185258260,-0.380389188,-0.048174458,0.000000000,0.000000000,0.000000000,0.000000000,0.000000000,0.000000000,0.000000000,0.000000000,0.000000000,0.000000000,0.000000000,0.000000000
2026-04-18T06:03:18.509333+00:00,1776492198.509332895,226.216000000,-0.361536382,-2.060362305,7.119405834,-1.174965309,-0.644510042,0.026999398,-0.137469092,0.480396346,-0.044609908,0.010292951,-0.264120853,0.075173856,-1.374690918,4.803963461,-0.446099080,0.102929510,-2.641208533,0.751738558
2026-04-18T06:03:18.710272+00:00,1776492198.710272074,226.316000000,-0.418212527,-2.379308550,7.652715023,-1.126945261,-0.449407708,0.010494071,-0.056676145,-0.318946245,0.533309189,0.048020048,0.195102334,-0.016505327,-0.566761451,-3.189462448,5.333091892,0.480200476,1.951023340,-0.165053266
2026-04-18T06:03:18.913028+00:00,1776492198.913028002,226.418000000,-0.580602957,-2.716747739,7.565092704,-1.219725609,-0.495945715,-0.064965031,0.000000000,0.000000000,0.000000000,0.000000000,0.000000000,0.000000000,0.000000000,0.000000000,0.000000000,0.000000000,0.000000000,0.000000000
2026-04-18T06:03:19.125243+00:00,1776492199.125242949,226.520000000,-0.187717850,-2.719641229,7.194609416,-1.321660637,-0.535466929,-0.021510872,0.000000000,0.000000000,0.000000000,0.000000000,0.000000000,0.000000000,0.000000000,0.000000000,0.000000000,0.000000000,0.000000000,0.000000000
2026-04-18T06:03:19.334978+00:00,1776492199.334978104,226.600000000,0.052718353,-2.590988576,7.356247987,-1.228242913,-0.472131517,-0.039164555,0.240436203,0.128652652,0.161638571,0.093417723,0.063335412,-0.017653682,2.404362034,1.286526525,1.616385708,0.934177235,0.633354122,-0.176536824
2026-04-18T06:03:19.558925+00:00,1776492199.558924913,226.702000000,-0.283803029,-2.350874949,7.293727273,-1.228372870,-0.572500344,-0.004471990,0.000000000,0.000000000,0.000000000,0.000000000,0.000000000,0.000000000,0.000000000,0.000000000,0.000000000,0.000000000,0.000000000,0.000000000
2026-04-18T06:03:19.778793+00:00,1776492199.778793097,226.802000000,-0.165983173,-2.604993150,7.354904128,-1.125384913,-0.652148558,-0.063219607,0.117819856,-0.254118201,0.061176854,0.102987957,-0.079648214,-0.058747617,1.178198557,-2.541182008,0.611768543,1.029879570,-0.796482141,-0.587476166
2026-04-18T06:03:19.991867+00:00,1776492199.991867065,226.902000000,-0.223148911,-2.233499030,7.166948924,-1.155994021,-0.516468729,-0.038033036,-0.057165738,0.371494119,-0.187955203,-0.030609108,0.135679829,0.025186571,-0.571657381,3.714941193,-1.879552032,-0.306091078,1.356798293,0.251865706
2026-04-18T06:03:20.217826+00:00,1776492200.217825890,227.002000000,-0.381784713,-2.423981163,7.475550380,-1.135646202,-0.488734698,-0.045665145,0.000000000,0.000000000,0.000000000,0.000000000,0.000000000,0.000000000,0.000000000,0.000000000,0.000000000,0.000000000,0.000000000,0.000000000
2026-04-18T06:03:20.428506+00:00,1776492200.428505898,227.106000000,-0.114652898,-2.460996941,7.408090252,-1.262753992,-0.555453239,0.057543820,0.000000000,0.000000000,0.000000000,0.000000000,0.000000000,0.000000000,0.000000000,0.000000000,0.000000000,0.000000000,0.000000000,0.000000000
2026-04-18T06:03:20.640924+00:00,1776492200.640923977,227.206000000,-0.503566801,-2.397776869,7.252188031,-1.155628814,-0.512413668,0.004181237,-0.388913903,0.063220073,-0.155902221,0.107125178,0.043039571,-0.053362583,-3.889139034,0.632200726,-1.559022213,1.071251778,0.430395707,-0.533625828
2026-04-18T06:03:20.854856+00:00,1776492200.854856014,227.306000000,-0.539908503,-2.563540677,7.541418832,-1.170963590,-0.453773531,-0.079185686,0.000000000,0.000000000,0.000000000,0.000000000,0.000000000,0.000000000,0.000000000,0.000000000,0.000000000,0.000000000,0.000000000,0.000000000
2026-04-18T06:03:21.068975+00:00,1776492201.068974972,227.406000000,-0.172018192,-2.703907884,7.746612118,-1.162349028,-0.365640011,0.012238282,0.367890311,-0.140367207,0.205193286,0.008614562,0.088133520,0.091423969,3.678903107,-1.403672069,2.051932861,0.086145619,0.881335195,0.914239686
2026-04-18T06:03:21.289420+00:00,1776492201.289419889,227.506000000,-0.595318411,-2.625873602,7.680555939,-1.222053323,-0.543590108,-0.003875936,-0.423300219,0.078034281,-0.066056179,-0.059704295,-0.177950097,-0.016114219,-4.233002190,0.780342812,-0.660561794,-0.597042948,-1.779500967,-0.161142186
2026-04-18T06:03:21.502382+00:00,1776492201.502382040,227.608000000,-0.085312734,-2.358122835,7.222768161,-1.232520641,-0.576028938,0.034179821,0.000000000,0.000000000,0.000000000,0.000000000,0.000000000,0.000000000,0.000000000,0.000000000,0.000000000,0.000000000,0.000000000,0.000000000
2026-04-18T06:03:21.728729+00:00,1776492201.728729010,227.708000000,0.582972604,-2.555903726,7.615149183,-1.045258134,-0.384931605,-0.008014506,0.668285338,-0.197780891,0.392381022,0.187262506,0.191097334,-0.042194327,6.682853377,-1.977808910,3.923810222,1.872625065,1.910973339,-0.421943268
2026-04-18T06:03:21.937127+00:00,1776492201.937127113,227.810000000,-0.335683330,-2.298634107,7.257714559,-1.294443868,-0.578154475,0.005143602,0.000000000,0.000000000,0.000000000,0.000000000,0.000000000,0.000000000,0.000000000,0.000000000,0.000000000,0.000000000,0.000000000,0.000000000
2026-04-18T06:03:22.141627+00:00,1776492202.141627073,227.910000000,-0.264942370,-2.707061308,7.355123673,-1.041743426,-0.502507907,-0.048998209,0.070740960,-0.408427202,0.097409114,0.252700442,0.075646567,-0.054141811,0.707409596,-4.084272016,0.974091137,2.527004419,0.756465675,-0.541418108
2026-04-18T06:03:22.358467+00:00,1776492202.358467102,228.012000000,-0.492376752,-2.468344240,6.988425271,-1.166759052,-0.460522629,0.001257592,0.000000000,0.000000000,0.000000000,0.000000000,0.000000000,0.000000000,0.000000000,0.000000000,0.000000000,0.000000000,0.000000000,0.000000000
2026-04-18T06:03:22.563582+00:00,1776492202.563581944,228.112000000,0.151854210,-2.548515014,7.464852809,-1.172499793,-0.480372594,0.069807426,0.644230962,-0.080170774,0.476427538,-0.005740741,-0.019849966,0.068549833,6.442309615,-0.801707739,4.764275379,-0.057407412,-0.198499655,0.685498334
2026-04-18T06:03:22.788721+00:00,1776492202.788721085,228.214000000,-0.056013853,-2.722986282,7.322113219,-1.145105312,-0.404371932,0.039382711,0.000000000,0.000000000,0.000000000,0.000000000,0.000000000,0.000000000,0.000000000,0.000000000,0.000000000,0.000000000,0.000000000,0.000000000
2026-04-18T06:03:23.002887+00:00,1776492203.002887011,228.314000000,-0.565995844,-1.652907996,7.627839783,-1.311953823,-0.521853488,0.051668545,-0.509981991,1.070078286,0.305726564,-0.166848511,-0.117481557,0.012285834,-5.099819914,10.700782856,3.057265642,-1.668485113,-1.174815567,0.122858344
2026-04-18T06:03:23.221569+00:00,1776492203.221569061,228.416000000,-0.446550944,-2.117884174,7.282139922,-1.088682188,-0.540598895,0.018634499,0.000000000,0.000000000,0.000000000,0.000000000,0.000000000,0.000000000,0.000000000,0.000000000,0.000000000,0.000000000,0.000000000,0.000000000
2026-04-18T06:03:23.436522+00:00,1776492203.436522007,228.516000000,0.134140072,-2.199093852,7.966181309,-1.235441506,-0.426078100,0.062637391,0.580691016,-0.081209678,0.684041387,-0.146759317,0.114520795,0.044002892,5.806910160,-0.812096784,6.840413872,-1.467593172,1.145207950,0.440028917
2026-04-18T06:03:23.648930+00:00,1776492203.648930073,228.616000000,-0.139971305,-2.652512360,7.302651386,-1.219736173,-0.562086688,-0.042774304,0.000000000,0.000000000,0.000000000,0.000000000,0.000000000,0.000000000,0.000000000,0.000000000,0.000000000,0.000000000,0.000000000,0.000000000
2026-04-18T06:03:23.872796+00:00,1776492203.872796059,228.716000000,-0.096645070,-2.180737948,7.317024032,-1.310890171,-0.388850228,0.055160902,0.043326235,0.471774412,0.014372646,-0.091153998,0.173236460,0.097935206,0.433262353,4.717744122,0.143726460,-0.911539984,1.732364604,0.979352060
2026-04-18T06:03:24.086648+00:00,1776492204.086647987,228.816000000,-0.536417692,-2.432204737,7.590984901,-1.197114350,-0.562406926,-0.027841123,-0.439772621,-0.251466789,0.273960869,0.113775822,-0.173556698,-0.083002025,-4.397726215,-2.514667891,2.739608695,1.137758216,-1.735566980,-0.830020247
2026-04-18T06:03:24.291076+00:00,1776492204.291075945,228.916000000,-0.184674467,-2.436812731,7.496873862,-1.214910953,-0.334109609,-0.035275222,0.351743224,-0.004607994,-0.094111039,-0.017796603,0.228297317,-0.007434100,3.517432242,-0.046079945,-0.941110395,-0.177966033,2.282973167,-0.074340999
2026-04-18T06:03:24.505770+00:00,1776492204.505769968,229.016000000,-0.165128277,-2.034933950,7.294303623,-1.194023603,-0.436923187,-0.031721872,0.019546191,0.401878781,-0.202570239,0.020887351,-0.102813578,0.003553350,0.195461906,4.018787808,-2.025702387,0.208873505,-1.028135781,0.035533504
2026-04-18T06:03:24.716381+00:00,1776492204.716381073,229.120000000,0.273502186,-2.709892681,7.494597906,-1.247950188,-0.432026167,-0.036111967,0.000000000,0.000000000,0.000000000,0.000000000,0.000000000,0.000000000,0.000000000,0.000000000,0.000000000,0.000000000,0.000000000,0.000000000
2026-04-18T06:03:24.948831+00:00,1776492204.948831081,229.220000000,0.074945348,-2.190385596,7.161267653,-1.210388200,-0.377116135,-0.008744163,-0.198556838,0.519507085,-0.333330253,0.037561988,0.054910033,0.027367804,-1.985568375,5.195070853,-3.333302529,0.375619877,0.549100325,0.273678037
2026-04-18T06:03:25.170607+00:00,1776492205.170607090,229.320000000,-0.257665202,-2.581762212,7.299960136,-1.056570316,-0.486293084,-0.064825939,-0.332610550,-0.391376616,0.138692482,0.153817884,-0.109176949,-0.056081776,-3.326105505,-3.913766162,1.386924825,1.538178842,-1.091769488,-0.560817757
2026-04-18T06:03:25.391871+00:00,1776492205.391870975,229.420000000,0.168760159,-1.994085183,7.462926350,-1.257601592,-0.496832228,-0.002447707,0.426425361,0.587677029,0.162966214,-0.201031276,-0.010539144,0.062378232,4.264253613,5.876770290,1.629662139,-2.010312762,-0.105391441,0.623782315
2026-04-18T06:03:25.612412+00:00,1776492205.612411976,229.522000000,-0.007104839,-2.476597031,7.308229521,-1.030956171,-0.530559094,0.027044976,0.000000000,0.000000000,0.000000000,0.000000000,0.000000000,0.000000000,0.000000000,0.000000000,0.000000000,0.000000000,0.000000000,0.000000000
2026-04-18T06:03:25.821351+00:00,1776492205.821351051,229.602000000,0.193860613,-2.320543715,7.357947882,-1.245729474,-0.620346779,-0.058862753,0.200965452,0.156053316,0.049718361,-0.214773302,-0.089787685,-0.085907730,2.009654520,1.560533160,0.497183608,-2.147733024,-0.897876850,-0.859077297
2026-04-18T06:03:26.046229+00:00,1776492206.046228886,229.702000000,0.067605464,-2.886967753,7.447413123,-1.141602977,-0.453613279,-0.003743085,-0.126255149,-0.566424038,0.089465241,0.104126497,0.166733499,0.055119668,-1.262551489,-5.664240377,0.894652412,1.041264970,1.667334993,0.551196681
2026-04-18T06:03:26.253290+00:00,1776492206.253289938,229.822000000,-0.572649736,-2.431929968,7.596450196,-1.235196045,-0.467046455,-0.012857345,0.000000000,0.000000000,0.000000000,0.000000000,0.000000000,0.000000000,0.000000000,0.000000000,0.000000000,0.000000000,0.000000000,0.000000000
2026-04-18T06:03:26.459900+00:00,1776492206.459899902,229.902000000,-0.486516052,-3.059950366,7.635055300,-1.063550312,-0.411179517,-0.081598154,0.086133684,-0.628020398,0.038605103,0.171645733,0.055866938,-0.068740809,0.861336839,-6.280203979,0.386051031,1.716457331,0.558669384,-0.687408091
2026-04-18T06:03:26.681076+00:00,1776492206.681076050,230.002000000,-0.153541659,-2.831762113,7.457728021,-1.203836888,-0.504683781,-0.103830283,0.000000000,0.000000000,0.000000000,0.000000000,0.000000000,0.000000000,0.000000000,0.000000000,0.000000000,0.000000000,0.000000000,0.000000000
2026-04-18T06:03:26.900754+00:00,1776492206.900753975,230.102000000,-0.280081398,-2.445397043,7.838507260,-1.259761585,-0.487578239,0.031601140,-0.126539740,0.386365071,0.380779239,-0.055924697,0.017105543,0.135431422,-1.265397396,3.863650707,3.807792387,-0.559246970,0.171055425,1.354314223
2026-04-18T06:03:27.117500+00:00,1776492207.117500067,230.204000000,0.193604831,-2.628229613,7.219837280,-1.176402592,-0.455550436,-0.035377139,0.000000000,0.000000000,0.000000000,0.000000000,0.000000000,0.000000000,0.000000000,0.000000000,0.000000000,0.000000000,0.000000000,0.000000000
2026-04-18T06:03:27.325842+00:00,1776492207.325841904,230.304000000,-0.032838360,-1.969159237,7.604088584,-1.103968509,-0.573379538,0.016895732,-0.226443192,0.659070375,0.384251304,0.072434083,-0.117829103,0.052272872,-2.264431916,6.590703755,3.842513039,0.724340825,-1.178291028,0.522728715
2026-04-18T06:03:27.548443+00:00,1776492207.548443079,230.404000000,0.199014246,-2.397743765,7.340559665,-1.198045122,-0.488221819,-0.000034043,0.231852606,-0.428584528,-0.263528919,-0.094076613,0.085157719,-0.016929775,2.318526059,-4.285845276,-2.635289193,-0.940766130,0.851577195,-0.169297750
2026-04-18T06:03:27.766124+00:00,1776492207.766124010,230.504000000,0.050452846,-2.765818423,7.296440449,-1.164528561,-0.447720853,-0.030453334,-0.148561400,-0.368074658,-0.044119216,0.033516561,0.040500966,-0.030419291,-1.485613999,-3.680746580,-0.441192162,0.335165610,0.405009663,-0.304192914
2026-04-18T06:03:27.986137+00:00,1776492207.986136913,230.604000000,-0.332935271,-2.289245878,7.478549319,-1.115635531,-0.582620880,-0.052651771,0.000000000,0.000000000,0.000000000,0.000000000,0.000000000,0.000000000,0.000000000,0.000000000,0.000000000,0.000000000,0.000000000,0.000000000
2026-04-18T06:03:28.216441+00:00,1776492208.216440916,230.704000000,-0.382274826,-2.516242907,7.376429934,-1.120875416,-0.476471642,-0.046038712,-0.049339555,-0.226997030,-0.102119385,-0.005239884,0.106149238,0.006613059,-0.493395552,-2.269970296,-1.021193850,-0.052398845,1.061492382,0.066130591
2026-04-18T06:03:28.428000+00:00,1776492208.427999973,230.804000000,0.482969724,-2.409954927,7.759740003,-1.181473896,-0.560415947,-0.009246986,0.865244550,0.106287981,0.383310068,-0.060598480,-0.083944305,0.036791725,8.652445498,1.062879807,3.833100684,-0.605984803,-0.839443053,0.367917254
2026-04-18T06:03:28.649437+00:00,1776492208.649436951,230.904000000,-0.163200173,-2.088940355,7.761325639,-1.157269833,-0.359181650,-0.028996996,-0.646169897,0.321014572,0.001585637,0.024204063,0.201234297,-0.019750010,-6.461698965,3.210145720,0.015856366,0.242040627,2.012342970,-0.197500100
2026-04-18T06:03:28.868889+00:00,1776492208.868889093,231.004000000,0.455088144,-2.546741268,7.392645475,-1.144832806,-0.364191241,-0.042080242,0.618288317,-0.457800914,-0.368680165,0.012437027,-0.005009591,-0.013083246,6.182883167,-4.578009135,-3.686801646,0.124370275,-0.050095912,-0.130832455
2026-04-18T06:03:29.094878+00:00,1776492209.094877958,231.104000000,0.137191598,-2.576955156,7.368258861,-1.114831328,-0.408619760,-0.042506240,0.000000000,0.000000000,0.000000000,0.000000000,0.000000000,0.000000000,0.000000000,0.000000000,0.000000000,0.000000000,0.000000000,0.000000000
2026-04-18T06:03:29.321622+00:00,1776492209.321621895,231.204000000,-0.252605211,-2.347818764,7.635378323,-1.115390578,-0.491914185,0.061723835,-0.389796808,0.229136392,0.267119461,-0.000559250,-0.083294425,0.104230076,-3.897968085,2.291363915,2.671194614,-0.005592503,-0.832944245,1.042300756
2026-04-18T06:03:29.548925+00:00,1776492209.548924923,231.304000000,-0.204395080,-2.869897981,7.964029649,-1.124732793,-0.311937735,-0.077418653,0.048210131,-0.522079217,0.328651326,-0.009342214,0.179976450,-0.139142488,0.482101310,-5.220792169,3.286513258,-0.093422144,1.799764497,-1.391424880
2026-04-18T06:03:29.768958+00:00,1776492209.768958092,231.404000000,-0.117180434,-2.365926721,7.209187955,-1.144332203,-0.555766107,-0.009726863,0.087214646,0.503971260,-0.754841694,-0.019599410,-0.243828373,0.067691790,0.872146462,5.039712602,-7.548416936,-0.195994098,-2.438283725,0.676917896
2026-04-18T06:03:29.977065+00:00,1776492209.977065086,231.504000000,-0.354726256,-2.722741271,7.438318455,-1.096950659,-0.517812662,-0.049208802,-0.237545822,-0.356814550,0.229130500,0.047381544,0.037953445,-0.039481939,-2.375458221,-3.568145499,2.291305003,0.473815441,0.379534450,-0.394819392
2026-04-18T06:03:30.204624+00:00,1776492210.204623938,231.604000000,0.265399078,-7.407572180,19.331620236,0.134558622,-0.078397043,0.048494699,0.000000000,0.000000000,0.000000000,0.000000000,0.000000000,0.000000000,0.000000000,0.000000000,0.000000000,0.000000000,0.000000000,0.000000000
2026-04-18T06:03:30.412241+00:00,1776492210.412240982,231.704000000,0.114718526,-7.881094423,19.702310616,0.052768863,-0.092234473,-0.082067930,-0.150680552,-0.473522243,0.370690380,-0.081789760,-0.013837430,-0.130562629,-1.506805520,-4.735222432,3.706903798,-0.817897597,-0.138374298,-1.305626290
2026-04-18T06:03:30.607757+00:00,1776492210.607757092,231.804000000,0.413489262,-7.164596648,19.149518478,-0.024624519,-0.167370640,0.117331490,0.298770736,0.716497775,-0.552792138,-0.077393381,-0.075136167,0.199399419,2.987707355,7.164977752,-5.527921379,-0.773933815,-0.751361672,1.993994193
2026-04-18T06:03:30.808950+00:00,1776492210.808949947,231.910000000,0.298435971,-7.092394019,18.913102540,0.154197011,-0.141094222,0.031083444,0.000000000,0.000000000,0.000000000,0.000000000,0.000000000,0.000000000,0.000000000,0.000000000,0.000000000,0.000000000,0.000000000,0.000000000
2026-04-18T06:03:31.013001+00:00,1776492211.013000965,232.010000000,0.321111911,-7.408835159,19.209449145,0.063584934,-0.158347840,-0.031141842,0.022675939,-0.316441140,0.296346605,-0.090612077,-0.017253618,-0.062225286,0.226759395,-3.164411398,2.963466048,-0.906120770,-0.172536177,-0.622252861
2026-04-18T06:03:31.216583+00:00,1776492211.216583014,232.112000000,0.287647517,-7.567086739,19.244466959,0.128249836,-0.154474631,0.018552082,0.000000000,0.000000000,0.000000000,0.000000000,0.000000000,0.000000000,0.000000000,0.000000000,0.000000000,0.000000000,0.000000000,0.000000000
2026-04-18T06:03:31.427407+00:00,1776492211.427407026,232.212000000,-0.275553762,-7.022980490,19.359355233,0.083724273,-0.101105536,-0.018768486,-0.563201279,0.544106249,0.114888274,-0.044525562,0.053369095,-0.037320568,-5.632012789,5.441062493,1.148882742,-0.445255624,0.533690951,-0.373205678
2026-04-18T06:03:31.627520+00:00,1776492211.627520084,232.312000000,0.026452592,-7.400072227,19.215173568,0.024236698,-0.130765548,-0.023801238,0.000000000,0.000000000,0.000000000,0.000000000,0.000000000,0.000000000,0.000000000,0.000000000,0.000000000,0.000000000,0.000000000,0.000000000
2026-04-18T06:03:31.837859+00:00,1776492211.837858915,232.412000000,0.275995368,-7.594197266,19.172893061,-0.024004688,-0.037862744,-0.028166013,0.249542776,-0.194125039,-0.042280506,-0.048241387,0.092902805,-0.004364775,2.495427761,-1.941250389,-0.422805062,-0.482413866,0.929028046,-0.043647750
2026-04-18T06:03:32.057994+00:00,1776492212.057993889,232.512000000,-0.001554454,-7.572915703,19.161544528,0.012972945,-0.007836317,0.001490888,-0.277549821,0.021281563,-0.011348534,0.036977633,0.030026427,0.029656901,-2.775498215,0.212815630,-0.113485335,0.369776331,0.300264271,0.296569008
2026-04-18T06:03:32.273271+00:00,1776492212.273271084,232.612000000,0.353447387,-7.357857335,19.248380631,0.076943436,-0.132355755,0.028216112,0.355001841,0.215058368,0.086836103,0.063970492,-0.124519438,0.026725224,3.550018408,2.150583685,0.868361028,0.639704916,-1.245194381,0.267252237
2026-04-18T06:03:32.487758+00:00,1776492212.487757921,232.714000000,0.008268616,-7.731073819,18.916874805,0.060593068,-0.038327018,0.060748662,0.000000000,0.000000000,0.000000000,0.000000000,0.000000000,0.000000000,0.000000000,0.000000000,0.000000000,0.000000000,0.000000000,0.000000000
2026-04-18T06:03:32.705972+00:00,1776492212.705971956,232.814000000,0.367331431,-7.575768584,19.185589356,0.170593336,-0.078140831,-0.059500483,0.359062816,0.155305235,0.268714551,0.110000268,-0.039813813,-0.120249145,3.590628159,1.553052348,2.687145511,1.100002679,-0.398138129,-1.202491454
2026-04-18T06:03:32.928836+00:00,1776492212.928836107,232.914000000,0.181127279,-7.588634852,19.161263457,0.137023692,-0.114096990,0.056571244,-0.186204152,-0.012866267,-0.024325899,-0.033569643,-0.035956159,0.116071727,-1.862041520,-0.128662674,-0.243258989,-0.335696432,-0.359561590,1.160717272
2026-04-18T06:03:33.145775+00:00,1776492213.145775080,233.014000000,-0.097464956,-7.519228221,19.277857213,0.099807744,-0.018856307,-0.066115619,0.000000000,0.000000000,0.000000000,0.000000000,0.000000000,0.000000000,0.000000000,0.000000000,0.000000000,0.000000000,0.000000000,0.000000000
2026-04-18T06:03:33.363901+00:00,1776492213.363900900,233.116000000,0.293617345,-7.495417155,18.978210501,0.035306507,-0.079832899,0.037743835,0.000000000,0.000000000,0.000000000,0.000000000,0.000000000,0.000000000,0.000000000,0.000000000,0.000000000,0.000000000,0.000000000,0.000000000
2026-04-18T06:03:33.578421+00:00,1776492213.578421116,233.216000000,0.496681861,-7.738465440,19.156554588,0.007393920,-0.117341919,-0.059969868,0.203064516,-0.243048286,0.178344086,-0.027912587,-0.037509020,-0.097713703,2.030645162,-2.430482856,1.783440862,-0.279125870,-0.375090205,-0.977137030
2026-04-18T06:03:33.798153+00:00,1776492213.798152924,233.318000000,0.187896857,-7.452409641,19.486500740,0.079837717,-0.182201921,-0.038615470,0.000000000,0.000000000,0.000000000,0.000000000,0.000000000,0.000000000,0.000000000,0.000000000,0.000000000,0.000000000,0.000000000,0.000000000
2026-04-18T06:03:34.011710+00:00,1776492214.011709929,233.418000000,0.241136279,-7.812354829,19.164654720,0.083651903,-0.163611879,-0.038835259,0.053239422,-0.359945188,-0.321846021,0.003814186,0.018590042,-0.000219789,0.532394221,-3.599451877,-3.218460206,0.038141860,0.185900419,-0.002197894
2026-04-18T06:03:34.227590+00:00,1776492214.227590084,233.518000000,0.645352383,-7.464778552,19.088481529,0.126874180,-0.166423016,-0.023111193,0.404216103,0.347576276,-0.076173190,0.043222277,-0.002811137,0.015724067,4.042161033,3.475762763,-0.761731903,0.432222765,-0.028111370,0.157240668
2026-04-18T06:03:34.442076+00:00,1776492214.442075968,233.618000000,0.167637985,-7.010100408,18.859002580,0.078072558,-0.148092755,0.065102764,-0.477714398,0.454678144,-0.229478950,-0.048801622,0.018330261,0.088213957,-4.777143980,4.546781441,-2.294789495,-0.488016224,0.183302614,0.882139569
2026-04-18T06:03:34.670715+00:00,1776492214.670715094,233.718000000,0.270506024,-7.616017092,18.956487741,0.142796682,-0.089172159,-0.100207526,0.102868039,-0.605916684,0.097485161,0.064724125,0.058920596,-0.165310290,1.028680394,-6.059166835,0.974851612,0.647241248,0.589205956,-1.653102902
2026-04-18T06:03:34.881876+00:00,1776492214.881875992,233.818000000,0.078000704,-7.370553753,18.952242349,0.014085510,-0.146143653,-0.057714652,0.000000000,0.000000000,0.000000000,0.000000000,0.000000000,0.000000000,0.000000000,0.000000000,0.000000000,0.000000000,0.000000000,0.000000000
2026-04-18T06:03:35.093555+00:00,1776492215.093554974,233.918000000,0.687851836,-7.044076281,18.754583331,0.097895598,-0.100120240,0.067947164,0.609851132,0.326477472,-0.197659018,0.083810088,0.046023413,0.125661816,6.098511321,3.264774720,-1.976590180,0.838100880,0.460234129,1.256618161
2026-04-18T06:03:35.318458+00:00,1776492215.318458080,234.018000000,0.318062607,-7.059161758,18.919160854,0.108370150,-0.149253326,-0.131196183,-0.369789229,-0.015085476,0.164577523,0.010474551,-0.049133085,-0.199143347,-3.697892293,-0.150854765,1.645775228,0.104745513,-0.491330854,-1.991433470
2026-04-18T06:03:35.538852+00:00,1776492215.538851976,234.120000000,0.384202354,-6.934963170,17.150443090,0.053093562,-0.089941061,0.041061501,0.000000000,0.000000000,0.000000000,0.000000000,0.000000000,0.000000000,0.000000000,0.000000000,0.000000000,0.000000000,0.000000000,0.000000000
2026-04-18T06:03:35.729292+00:00,1776492215.729291916,234.220000000,0.471423285,-6.047303959,15.302043038,-0.537250746,-0.327893237,-0.011188465,0.087220931,0.887659211,-1.848400052,-0.590344307,-0.237952176,-0.052249966,0.872209307,8.876592114,-18.484000520,-5.903443074,-2.379521760,-0.522499658
2026-04-18T06:03:35.915884+00:00,1776492215.915884018,234.320000000,-0.199339121,-1.852244140,7.697026516,-1.228506068,-0.659777557,0.048695962,-0.670762406,4.195059819,-7.605016523,-0.691255323,-0.331884320,0.059884427,-6.707624063,41.950598186,-76.050165227,-6.912553225,-3.318843204,0.598844270
2026-04-18T06:03:36.108070+00:00,1776492216.108069897,234.402000000,-0.138784700,-1.711898437,7.300665241,-1.464650654,-0.627730517,0.070262101,0.060554421,0.140345703,-0.396361274,-0.236144586,0.032047041,0.021566138,0.605544212,1.403457030,-3.963612744,-2.361445858,0.320470407,0.215661385
2026-04-18T06:03:36.287402+00:00,1776492216.287401915,234.504000000,-0.331240628,-1.941466070,7.399380970,-1.229114991,-0.534223709,0.005715843,0.000000000,0.000000000,0.000000000,0.000000000,0.000000000,0.000000000,0.000000000,0.000000000,0.000000000,0.000000000,0.000000000,0.000000000
2026-04-18T06:03:36.460772+00:00,1776492216.460772038,234.604000000,0.563825847,-1.138027216,1.706855374,-0.861041807,-0.057444483,-0.049499274,0.000000000,0.000000000,0.000000000,0.000000000,0.000000000,0.000000000,0.000000000,0.000000000,0.000000000,0.000000000,0.000000000,0.000000000
2026-04-18T06:03:36.664662+00:00,1776492216.664661884,234.704000000,-0.377224387,-2.270406595,7.269672440,-1.244109258,-0.473558650,0.005363294,-0.941050233,-1.132379379,5.562817066,-0.383067451,-0.416114167,0.054862568,-9.410502335,-11.323793785,55.628170660,-3.830674511,-4.161141666,0.548625682
2026-04-18T06:03:36.851269+00:00,1776492216.851269007,234.806000000,-0.130783770,-2.627501100,7.905830177,-1.066972026,-0.431023605,-0.072108096,0.000000000,0.000000000,0.000000000,0.000000000,0.000000000,0.000000000,0.000000000,0.000000000,0.000000000,0.000000000,0.000000000,0.000000000
2026-04-18T06:03:37.034587+00:00,1776492217.034586906,234.906000000,0.221050163,-1.683461573,4.318557667,-1.027734039,-0.130717629,0.010731616,0.351833934,0.944039527,-3.587272510,0.039237987,0.300305976,0.082839713,3.518339339,9.440395271,-35.872725098,0.392379874,3.003059760,0.828397128
2026-04-18T06:03:37.240166+00:00,1776492217.240165949,235.006000000,-0.837159608,-2.046658018,7.851668604,-1.295259898,-0.643458447,-0.047489260,-1.058209771,-0.363196446,3.533110937,-0.267525860,-0.512740819,-0.058220877,-10.582097714,-3.631964455,35.331109367,-2.675258598,-5.127408186,-0.582208769
2026-04-18T06:03:37.436432+00:00,1776492217.436431885,235.106000000,-0.157481029,-2.012240725,7.538992187,-1.241570855,-0.476676459,0.017583125,0.679678579,0.034417293,-0.312676416,0.053689044,0.166781988,0.065072386,6.796785791,0.344172929,-3.126764160,0.536890436,1.667819881,0.650723858
2026-04-18T06:03:37.625469+00:00,1776492217.625468969,235.206000000,-0.188409930,-2.018624434,7.295342665,-1.133581248,-0.573352807,-0.101449642,-0.030928902,-0.006383708,-0.243649523,0.107989607,-0.096676348,-0.119032767,-0.309289016,-0.063837083,-2.436495226,1.079896070,-0.966763479,-1.190327673
2026-04-18T06:03:37.793376+00:00,1776492217.793375969,235.308000000,-0.229208520,-2.279099537,7.347908495,-1.104649517,-0.548638664,0.011809843,0.000000000,0.000000000,0.000000000,0.000000000,0.000000000,0.000000000,0.000000000,0.000000000,0.000000000,0.000000000,0.000000000,0.000000000
2026-04-18T06:03:37.965274+00:00,1776492217.965274096,235.410000000,-0.449483781,-2.772061226,7.625143559,-1.191422384,-0.694827529,0.102273613,0.000000000,0.000000000,0.000000000,0.000000000,0.000000000,0.000000000,0.000000000,0.000000000,0.000000000,0.000000000,0.000000000,0.000000000
2026-04-18T06:03:38.155696+00:00,1776492218.155695915,235.516000000,0.188583193,-2.431203751,7.513843772,-1.249272748,-0.453350507,0.018877415,0.000000000,0.000000000,0.000000000,0.000000000,0.000000000,0.000000000,0.000000000,0.000000000,0.000000000,0.000000000,0.000000000,0.000000000
2026-04-18T06:03:38.324804+00:00,1776492218.324804068,235.616000000,-0.301260772,-2.155941381,7.840215735,-1.320306831,-0.456171917,0.035409033,0.000000000,0.000000000,0.000000000,0.000000000,0.000000000,0.000000000,0.000000000,0.000000000,0.000000000,0.000000000,0.000000000,0.000000000
2026-04-18T06:03:38.513820+00:00,1776492218.513819933,235.720000000,-0.176509412,-2.406962174,7.754209940,-1.259336475,-0.369042111,-0.005398283,0.000000000,0.000000000,0.000000000,0.000000000,0.000000000,0.000000000,0.000000000,0.000000000,0.000000000,0.000000000,0.000000000,0.000000000
2026-04-18T06:03:38.659426+00:00,1776492218.659425974,235.820000000,-0.318040072,-2.059078372,7.777933930,-1.176888072,-0.459488193,0.007710555,-0.141530660,0.347883802,0.023723990,0.082448403,-0.090446082,0.013108837,-1.415306598,3.478838021,0.237239904,0.824484035,-0.904460821,0.131088373
2026-04-18T06:03:38.841636+00:00,1776492218.841635942,235.920000000,0.099826704,-2.481512167,7.477182690,-1.227004423,-0.572517040,-0.054169734,0.417866776,-0.422433795,-0.300751240,-0.050116351,-0.113028847,-0.061880289,4.178667759,-4.224337952,-3.007512398,-0.501163514,-1.130288473,-0.618802889
2026-04-18T06:03:39.027995+00:00,1776492219.027995110,236.020000000,-0.191939268,-2.227594278,7.727236962,-1.299212797,-0.336756339,0.023631637,0.000000000,0.000000000,0.000000000,0.000000000,0.000000000,0.000000000,0.000000000,0.000000000,0.000000000,0.000000000,0.000000000,0.000000000
2026-04-18T06:03:39.202187+00:00,1776492219.202187061,236.120000000,-0.462623950,-2.064102843,7.481439545,-1.206382443,-0.511564938,-0.111474176,-0.270684682,0.163491435,-0.245797417,0.092830354,-0.174808599,-0.135105813,-2.706846824,1.634914346,-2.457974169,0.928303540,-1.748085988,-1.351058129
2026-04-18T06:03:39.402402+00:00,1776492219.402401924,236.220000000,-0.077927218,-2.409322029,7.681128330,-1.233879290,-0.505517087,-0.059509208,0.384696732,-0.345219186,0.199688785,-0.027496847,0.006047851,0.051964968,3.846967320,-3.452191858,1.996887851,-0.274968470,0.060478512,0.519649677
2026-04-18T06:03:39.574680+00:00,1776492219.574680090,236.300000000,0.065239688,-2.036462950,7.770626428,-1.246475638,-0.443845589,0.027310857,0.143166906,0.372859079,0.089498098,-0.012596348,0.061671498,0.086820065,1.431669064,3.728590790,0.894980979,-0.125963479,0.616714979,0.868200651
2026-04-18T06:03:39.773941+00:00,1776492219.773941040,236.404000000,-0.303593276,-2.041826202,7.636424769,-1.307861382,-0.549812492,-0.005565836,0.000000000,0.000000000,0.000000000,0.000000000,0.000000000,0.000000000,0.000000000,0.000000000,0.000000000,0.000000000,0.000000000,0.000000000
2026-04-18T06:03:39.973658+00:00,1776492219.973658085,236.510000000,-0.609020778,-1.885192160,7.544082773,-1.300567358,-0.531918293,0.044727428,0.000000000,0.000000000,0.000000000,0.000000000,0.000000000,0.000000000,0.000000000,0.000000000,0.000000000,0.000000000,0.000000000,0.000000000
2026-04-18T06:03:40.206423+00:00,1776492220.206423044,236.610000000,-0.015579489,-2.129105115,7.597189302,-1.248795258,-0.340294514,0.020720935,0.000000000,0.000000000,0.000000000,0.000000000,0.000000000,0.000000000,0.000000000,0.000000000,0.000000000,0.000000000,0.000000000,0.000000000
2026-04-18T06:03:40.456972+00:00,1776492220.456971884,236.712000000,-0.314790052,-2.463639166,7.740015987,-1.180400981,-0.520710090,-0.037773066,0.000000000,0.000000000,0.000000000,0.000000000,0.000000000,0.000000000,0.000000000,0.000000000,0.000000000,0.000000000,0.000000000,0.000000000
2026-04-18T06:03:40.693012+00:00,1776492220.693011999,236.812000000,-0.217864183,-2.277963113,7.820010691,-1.247571831,-0.467245460,0.010704361,0.000000000,0.000000000,0.000000000,0.000000000,0.000000000,0.000000000,0.000000000,0.000000000,0.000000000,0.000000000,0.000000000,0.000000000
2026-04-18T06:03:40.937740+00:00,1776492220.937740088,236.912000000,-0.396440443,-2.466711137,7.876412197,-1.222265445,-0.396112035,0.005445049,-0.178576260,-0.188748025,0.056401506,0.025306386,0.071133425,-0.005259312,-1.785762600,-1.887480245,0.564015056,0.253063858,0.711334249,-0.052593124
2026-04-18T06:03:41.161094+00:00,1776492221.161093950,237.012000000,0.082530599,-2.404812372,7.643184206,-1.224667845,-0.371840925,-0.021054601,0.478971041,0.061898765,-0.233227990,-0.002402400,0.024271110,-0.026499650,4.789710415,0.618987654,-2.332279905,-0.024023999,0.242711101,-0.264996496
2026-04-18T06:03:41.388885+00:00,1776492221.388885021,237.112000000,-0.399030819,-2.494618127,7.526563075,-1.042257303,-0.445756557,-0.001033628,-0.481561418,-0.089805756,-0.116621131,0.182410542,-0.073915632,0.020020973,-4.815614177,-0.898057555,-1.166211314,1.824105417,-0.739156318,0.200209729
2026-04-18T06:03:41.633180+00:00,1776492221.633179903,237.212000000,-0.353835872,-2.651624120,7.539791485,-1.160488840,-0.543446192,-0.038926304,0.045194947,-0.157005992,0.013228411,-0.118231537,-0.097689635,-0.037892677,0.451949466,-1.570059925,0.132284106,-1.182315368,-0.976896355,-0.378926767
2026-04-18T06:03:41.850508+00:00,1776492221.850507975,237.312000000,-0.162746434,-2.103540406,7.407331150,-1.363514691,-0.492017270,-0.061419379,0.000000000,0.000000000,0.000000000,0.000000000,0.000000000,0.000000000,0.000000000,0.000000000,0.000000000,0.000000000,0.000000000,0.000000000
2026-04-18T06:03:42.092669+00:00,1776492222.092669010,237.414000000,0.039340273,-2.479286948,7.626585750,-1.052967341,-0.490622523,0.035126759,0.000000000,0.000000000,0.000000000,0.000000000,0.000000000,0.000000000,0.000000000,0.000000000,0.000000000,0.000000000,0.000000000,0.000000000
2026-04-18T06:03:42.328294+00:00,1776492222.328294039,237.514000000,-0.215340708,-2.173056445,7.715566604,-1.245459222,-0.494992263,0.034307657,0.000000000,0.000000000,0.000000000,0.000000000,0.000000000,0.000000000,0.000000000,0.000000000,0.000000000,0.000000000,0.000000000,0.000000000
2026-04-18T06:03:42.564248+00:00,1776492222.564248085,237.614000000,0.119666225,-1.934296860,7.790425227,-1.168053548,-0.498669002,-0.105683237,0.335006933,0.238759585,0.074858624,0.077405673,-0.003676740,-0.139990894,3.350069329,2.387595850,0.748586238,0.774056734,-0.036767395,-1.399908944
2026-04-18T06:03:42.815683+00:00,1776492222.815682888,237.714000000,-0.693264070,-2.179755524,7.418940524,-1.284603328,-0.536643798,-0.024004135,-0.812930295,-0.245458664,-0.371484704,-0.116549780,-0.037974796,0.081679103,-8.129302953,-2.454586639,-3.714847036,-1.165497800,-0.379747957,0.816791025
2026-04-18T06:03:43.060911+00:00,1776492223.060910940,237.814000000,0.102912974,-2.383592263,7.435016055,-1.085612842,-0.475974640,-0.053548254,0.796177044,-0.203836739,0.016075531,0.198990486,0.060669158,-0.029544119,7.961770443,-2.038367391,0.160755314,1.989904861,0.606691581,-0.295441190
2026-04-18T06:03:43.303916+00:00,1776492223.303915977,237.914000000,-0.086041242,-2.492574935,7.769219659,-1.151823517,-0.435271632,-0.004031895,-0.188954216,-0.108982673,0.334203603,-0.066210675,0.040703008,0.049516359,-1.889542163,-1.089826725,3.342036033,-0.662106747,0.407030083,0.495163593
2026-04-18T06:03:43.542391+00:00,1776492223.542391062,238.014000000,-0.248672350,-2.095148018,7.545788029,-1.179383393,-0.584826149,-0.025485899,0.000000000,0.000000000,0.000000000,0.000000000,0.000000000,0.000000000,0.000000000,0.000000000,0.000000000,0.000000000,0.000000000,0.000000000
2026-04-18T06:03:43.773922+00:00,1776492223.773921967,238.114000000,-0.199399319,-2.028952566,7.767794744,-1.302592116,-0.396385006,0.067332293,0.049273031,0.066195452,0.222006715,-0.123208723,0.188441143,0.092818193,0.492730309,0.661954524,2.220067151,-1.232087231,1.884411430,0.928181926
2026-04-18T06:03:44.037375+00:00,1776492224.037374973,238.214000000,-0.318998192,-2.059835062,7.781513199,-1.272869026,-0.382586103,0.063871708,-0.119598873,-0.030882496,0.013718454,0.029723090,0.013798903,-0.003460585,-1.195988728,-0.308824957,0.137184541,0.297230899,0.137989031,-0.034605847
2026-04-18T06:03:44.269872+00:00,1776492224.269871950,238.314000000,-0.047361185,-2.294225838,7.734532077,-1.267676534,-0.372971138,0.031908675,0.271637007,-0.234390776,-0.046981122,0.005192492,0.009614966,-0.031963033,2.716370072,-2.343907759,-0.469811219,0.051924919,0.096149658,-0.319630329
2026-04-18T06:03:44.527877+00:00,1776492224.527877092,238.414000000,-0.569561797,-2.084238185,7.663744920,-1.360941019,-0.533501406,-0.081413706,-0.522200613,0.209987653,-0.070787157,-0.093264485,-0.160530268,-0.113322381,-5.222006128,2.099876525,-0.707871571,-0.932644848,-1.605302680,-1.133223814
2026-04-18T06:03:44.768221+00:00,1776492224.768220901,238.514000000,-0.326991761,-2.059190319,7.189205561,-1.222509787,-0.483231839,0.000508043,0.000000000,0.000000000,0.000000000,0.000000000,0.000000000,0.000000000,0.000000000,0.000000000,0.000000000,0.000000000,0.000000000,0.000000000
2026-04-18T06:03:45.015086+00:00,1776492225.015085936,238.614000000,0.116812972,-2.034066142,7.354247041,-1.111861568,-0.564673021,-0.054035845,0.443804733,0.025124177,0.165041480,0.110648219,-0.081441182,-0.054543888,4.438047329,0.251241770,1.650414798,1.106482191,-0.814411821,-0.545438877
2026-04-18T06:03:45.272983+00:00,1776492225.272983074,238.714000000,-0.411255224,-2.446140445,7.572923536,-1.138246516,-0.596848793,-0.026382053,-0.528068196,-0.412074304,0.218676496,-0.026384947,-0.032175771,0.027653792,-5.280681957,-4.120743037,2.186764956,-0.263849475,-0.321757715,0.276537919
2026-04-18T06:03:45.507603+00:00,1776492225.507602930,238.816000000,-0.045803352,-2.467454764,7.081872433,-1.092245983,-0.512058033,-0.044628367,0.000000000,0.000000000,0.000000000,0.000000000,0.000000000,0.000000000,0.000000000,0.000000000,0.000000000,0.000000000,0.000000000,0.000000000
2026-04-18T06:03:45.746455+00:00,1776492225.746454954,238.916000000,-0.140515957,-2.677608083,7.491117628,-1.154353153,-0.520947865,-0.022765577,-0.094712605,-0.210153319,0.409245195,-0.062107170,-0.008889832,0.021862790,-0.947126046,-2.101533193,4.092451953,-0.621071697,-0.088898321,0.218627903
2026-04-18T06:03:45.997215+00:00,1776492225.997215033,239.016000000,-0.202640367,-2.576275853,7.761537035,-1.164065902,-0.410291539,-0.008402197,-0.062124410,0.101332230,0.270419406,-0.009712749,0.110656326,0.014363380,-0.621244102,1.013322301,2.704194062,-0.097127485,1.106563264,0.143633800
2026-04-18T06:03:46.221979+00:00,1776492226.221978903,239.116000000,-0.490014053,-2.419224694,7.617224690,-1.160591331,-0.510644589,-0.004467245,0.000000000,0.000000000,0.000000000,0.000000000,0.000000000,0.000000000,0.000000000,0.000000000,0.000000000,0.000000000,0.000000000,0.000000000
2026-04-18T06:03:46.458855+00:00,1776492226.458854914,239.216000000,0.166601567,-2.622680928,7.277540202,-1.171105138,-0.531990597,0.064966929,0.656615620,-0.203456233,-0.339684488,-0.010513808,-0.021346008,0.069434174,6.566156202,-2.034562335,-3.396844883,-0.105138076,-0.213460081,0.694341737
2026-04-18T06:03:46.690232+00:00,1776492226.690232038,239.316000000,-0.200731174,-2.352257259,7.676934983,-1.145508763,-0.446144735,-0.009015083,-0.367332741,0.270423669,0.399394781,0.025596376,0.085845862,-0.073982011,-3.673327410,2.704236688,3.993947814,0.255963756,0.858458618,-0.739820114
2026-04-18T06:03:46.925135+00:00,1776492226.925134897,239.418000000,-0.011879094,-2.429113494,7.719518791,-1.169833825,-0.436480275,0.031373587,0.000000000,0.000000000,0.000000000,0.000000000,0.000000000,0.000000000,0.000000000,0.000000000,0.000000000,0.000000000,0.000000000,0.000000000
2026-04-18T06:03:47.155170+00:00,1776492227.155169964,239.518000000,-0.095946269,-2.691784680,7.783381254,-1.105980719,-0.391092752,0.053145406,-0.084067176,-0.262671186,0.063862462,0.063853107,0.045387522,0.021771820,-0.840671755,-2.626711858,0.638624623,0.638531067,0.453875223,0.217718197
2026-04-18T06:03:47.386158+00:00,1776492227.386157990,239.618000000,-0.108101112,-2.397754596,7.425311109,-1.001699470,-0.469487025,-0.030638090,-0.012154843,0.294030084,-0.358070145,0.104281249,-0.078394273,-0.083783496,-0.121548431,2.940300845,-3.580701446,1.042812485,-0.783942730,-0.837834964
2026-04-18T06:03:47.627072+00:00,1776492227.627072096,239.718000000,0.077460605,-2.230279722,7.327313327,-1.274501665,-0.427742443,-0.053415743,0.185561718,0.167474874,-0.097997782,-0.272802195,0.041744582,-0.022777653,1.855617176,1.674748741,-0.979977822,-2.728021946,0.417445821,-0.227776530
2026-04-18T06:03:47.848537+00:00,1776492227.848536968,239.818000000,-0.142674014,-2.238235175,7.407455907,-1.251763217,-0.499447669,-0.025156928,0.000000000,0.000000000,0.000000000,0.000000000,0.000000000,0.000000000,0.000000000,0.000000000,0.000000000,0.000000000,0.000000000,0.000000000
2026-04-18T06:03:48.071986+00:00,1776492228.071985960,239.918000000,0.088109117,-2.308848267,7.466231801,-1.201822981,-0.465138103,0.048634557,0.230783131,-0.070613092,0.058775894,0.049940236,0.034309566,0.073791484,2.307831309,-0.706130924,0.587758943,0.499402359,0.343095659,0.737914843
2026-04-18T06:03:48.296271+00:00,1776492228.296271086,240.018000000,-0.223587436,-2.189410308,7.737854487,-1.205806022,-0.556250775,0.141234836,-0.311696553,0.119437959,0.271622686,-0.003983042,-0.091112672,0.092600279,-3.116965531,1.194379593,2.716226863,-0.039830415,-0.911126722,0.926002788
2026-04-18T06:03:48.527155+00:00,1776492228.527154922,240.118000000,0.238426039,-2.471359125,7.434939460,-1.186150550,-0.283665622,-0.076212742,0.462013475,-0.281948817,-0.302915028,0.019655473,0.272585153,-0.217447577,4.620134751,-2.819488168,-3.029150276,0.196554726,2.725851528,-2.174475772
2026-04-18T06:03:48.766163+00:00,1776492228.766163111,240.218000000,-0.165887651,-2.365389141,7.492478356,-1.156035845,-0.472711584,-0.020071395,-0.404313690,0.105969984,0.057538897,0.030114705,-0.189045961,0.056141346,-4.043136898,1.059699835,0.575388966,0.301147050,-1.890459614,0.561413462
2026-04-18T06:03:48.994814+00:00,1776492228.994813919,240.318000000,0.334065554,-2.538925381,7.239472737,-1.240224337,-0.461230801,-0.009207838,0.000000000,0.000000000,0.000000000,0.000000000,0.000000000,0.000000000,0.000000000,0.000000000,0.000000000,0.000000000,0.000000000,0.000000000
2026-04-18T06:03:49.221360+00:00,1776492229.221359968,240.418000000,0.087616710,-2.275979619,7.276239210,-1.307095945,-0.455931128,-0.053001290,-0.246448845,0.262945762,0.036766473,-0.066871608,0.005299673,-0.043793451,-2.464488448,2.629457617,0.367664729,-0.668716080,0.052996730,-0.437934512
2026-04-18T06:03:49.461187+00:00,1776492229.461186886,240.518000000,0.363483575,-2.506618866,7.539329267,-1.189930613,-0.455493760,-0.019960805,0.275866865,-0.230639247,0.263090056,0.117165332,0.000437369,0.033040484,2.758668652,-2.306392471,2.630900565,1.171653320,0.004373688,0.330404842
2026-04-18T06:03:49.693050+00:00,1776492229.693049908,240.618000000,0.057706610,-2.023188467,7.138928369,-1.181225733,-0.324803753,-0.034873496,-0.305776964,0.483430400,-0.400400898,0.008704880,0.130690006,-0.014912690,-3.057769644,4.834303995,-4.004008981,0.087048800,1.306900061,-0.149126903
2026-04-18T06:03:49.929649+00:00,1776492229.929649115,240.718000000,-0.371116572,-2.272386317,7.521720467,-1.280625955,-0.429428074,-0.007474421,-0.428823182,-0.249197850,0.382792099,-0.099400221,-0.104624320,0.027399074,-4.288231819,-2.491978501,3.827920986,-0.994002214,-1.046243203,0.273990743
2026-04-18T06:03:50.161007+00:00,1776492230.161006927,240.818000000,-0.204817556,-1.830503831,7.363104950,-1.209332249,-0.438464002,-0.140115781,0.000000000,0.000000000,0.000000000,0.000000000,0.000000000,0.000000000,0.000000000,0.000000000,0.000000000,0.000000000,0.000000000,0.000000000
2026-04-18T06:03:50.393002+00:00,1776492230.393002033,240.918000000,0.221493809,-2.755918960,7.674291536,-1.186252080,-0.474872224,-0.006357623,0.426311364,-0.925415129,0.311186586,0.023080169,-0.036408223,0.133758158,4.263113644,-9.254151291,3.111865858,0.230801695,-0.364082226,1.337581584
2026-04-18T06:03:50.610580+00:00,1776492230.610579967,241.018000000,-0.040987617,-2.326632079,7.924035008,-1.255365976,-0.529442080,0.072141570,-0.262481425,0.429286882,0.249743472,-0.069113896,-0.054569856,0.078499193,-2.624814255,4.292868816,2.497434718,-0.691138963,-0.545698559,0.784991931
2026-04-18T06:03:50.833764+00:00,1776492230.833764076,241.118000000,-0.246872320,-2.316482361,7.870331947,-1.212873431,-0.433912451,-0.046676941,-0.205884703,0.010149717,-0.053703060,0.042492545,0.095529629,-0.118818511,-2.058847028,0.101497175,-0.537030605,0.424925449,0.955296292,-1.188185109
2026-04-18T06:03:51.062931+00:00,1776492231.062931061,241.220000000,0.232889169,-1.820354795,7.590624665,-1.202488310,-0.469312411,-0.064779948,0.000000000,0.000000000,0.000000000,0.000000000,0.000000000,0.000000000,0.000000000,0.000000000,0.000000000,0.000000000,0.000000000,0.000000000
2026-04-18T06:03:51.278812+00:00,1776492231.278811932,241.320000000,0.005358563,-2.049584950,7.566704677,-1.193691287,-0.423836373,-0.042286889,-0.227530606,-0.229230156,-0.023919988,0.008797023,0.045476039,0.022493059,-2.275306061,-2.292301555,-0.239199880,0.087970226,0.454760389,0.224930593
2026-04-18T06:03:51.502950+00:00,1776492231.502949953,241.420000000,0.169702749,-1.992298676,7.443683237,-1.185458608,-0.467587220,-0.018331492,0.164344186,0.057286274,-0.123021440,0.008232680,-0.043750847,0.023955397,1.643441857,0.572862743,-1.230214396,0.082326797,-0.437508475,0.239553974
2026-04-18T06:03:51.719127+00:00,1776492231.719126940,241.500000000,-0.288168760,-2.314468994,7.802853453,-1.142566245,-0.477987228,-0.040538900,-0.457871509,-0.322170317,0.359170216,0.042892362,-0.010400007,-0.022207408,-4.578715089,-3.221703175,3.591702159,0.428923625,-0.104000075,-0.222074082
2026-04-18T06:03:51.936642+00:00,1776492231.936641932,241.602000000,-0.379070040,-2.385239899,7.419045080,-1.057100113,-0.482059295,0.021117266,0.000000000,0.000000000,0.000000000,0.000000000,0.000000000,0.000000000,0.000000000,0.000000000,0.000000000,0.000000000,0.000000000,0.000000000
2026-04-18T06:03:52.163461+00:00,1776492232.163460970,241.702000000,-0.051168635,-2.330275816,7.547626281,-1.168200187,-0.385834786,0.098458898,0.327901405,0.054964082,0.128581201,-0.111100073,0.096224510,0.077341632,3.279014050,0.549640825,1.285812009,-1.111000734,0.962245096,0.773416317
2026-04-18T06:03:52.372590+00:00,1776492232.372590065,241.802000000,-0.181945606,-2.596044552,7.844834070,-1.055567719,-0.388272460,0.068393030,-0.130776971,-0.265768736,0.297207789,0.112632468,-0.002437674,-0.030065868,-1.307769711,-2.657687356,2.972077889,1.126324675,-0.024376743,-0.300658676
2026-04-18T06:03:52.591910+00:00,1776492232.591909885,241.902000000,-0.347789777,-2.332144063,7.636647426,-1.182252436,-0.441446364,0.005905611,-0.165844171,0.263900488,-0.208186644,-0.126684717,-0.053173904,-0.062487419,-1.658441712,2.639004883,-2.081866438,-1.266847168,-0.531739042,-0.624874190
2026-04-18T06:03:52.801807+00:00,1776492232.801806927,242.002000000,-0.351087812,-2.110985541,7.404843504,-1.208006812,-0.405080236,-0.066731911,0.000000000,0.000000000,0.000000000,0.000000000,0.000000000,0.000000000,0.000000000,0.000000000,0.000000000,0.000000000,0.000000000,0.000000000
2026-04-18T06:03:53.014429+00:00,1776492233.014429092,242.102000000,0.293964704,-2.605297144,7.743152881,-1.076156420,-0.376271133,-0.088492566,0.645052516,-0.494311603,0.338309377,0.131850391,0.028809103,-0.021760654,6.450525158,-4.943116029,3.383093771,1.318503913,0.288091027,-0.217606545
2026-04-18T06:03:53.225797+00:00,1776492233.225796938,242.204000000,0.101928667,-1.992594103,7.494684538,-1.239910666,-0.267031281,0.137823383,0.000000000,0.000000000,0.000000000,0.000000000,0.000000000,0.000000000,0.000000000,0.000000000,0.000000000,0.000000000,0.000000000,0.000000000
2026-04-18T06:03:53.417821+00:00,1776492233.417820930,242.306000000,0.033462412,-2.554213440,7.485939589,-1.184412290,-0.466991533,-0.063679466,0.000000000,0.000000000,0.000000000,0.000000000,0.000000000,0.000000000,0.000000000,0.000000000,0.000000000,0.000000000,0.000000000,0.000000000
2026-04-18T06:03:53.614665+00:00,1776492233.614665031,242.406000000,-0.010310138,-2.042240568,7.426916520,-1.212231220,-0.467655660,0.068689083,-0.043772550,0.511972871,-0.059023069,-0.027818930,-0.000664127,0.132368549,-0.437725505,5.119728714,-0.590230688,-0.278189301,-0.006641270,1.323685490
2026-04-18T06:03:53.809715+00:00,1776492233.809715033,242.506000000,0.240920085,-2.208167574,8.288992273,-1.229571396,-0.430775240,0.039329472,0.251230223,-0.165927006,0.862075753,-0.017340176,0.036880421,-0.029359611,2.512302231,-1.659270059,8.620757528,-0.173401763,0.368804209,-0.293596105
2026-04-18T06:03:54.014132+00:00,1776492234.014132023,242.606000000,-0.415694512,-2.420114135,7.517744654,-1.204127210,-0.446323858,0.009061610,-0.656614597,-0.211946561,-0.771247619,0.025444186,-0.015548618,-0.030267862,-6.566145967,-2.119465608,-7.712476193,0.254441861,-0.155486184,-0.302678621
2026-04-18T06:03:54.236861+00:00,1776492234.236860991,242.706000000,-0.204368766,-2.474358089,7.001971519,-1.152530533,-0.464894270,-0.196166305,0.211325746,-0.054243954,-0.515773135,0.051596677,-0.018570412,-0.205227915,2.113257455,-0.542439538,-5.157731348,0.515966768,-0.185704121,-2.052279149
2026-04-18T06:03:54.427671+00:00,1776492234.427670956,242.806000000,-0.574068772,-2.617080706,7.644164614,-1.152954829,-0.536534603,0.095189472,0.000000000,0.000000000,0.000000000,0.000000000,0.000000000,0.000000000,0.000000000,0.000000000,0.000000000,0.000000000,0.000000000,0.000000000
2026-04-18T06:03:54.636902+00:00,1776492234.636902094,242.906000000,-0.049779850,-2.268213876,7.427390284,-1.008689928,-0.455652231,0.042980879,0.524288922,0.348866830,-0.216774330,0.144264902,0.080882373,-0.052208593,5.242889222,3.488668296,-2.167743296,1.442649016,0.808823726,-0.522085934
2026-04-18T06:03:54.841867+00:00,1776492234.841866970,243.006000000,-0.027475080,-2.193836965,7.486071031,-1.171871834,-0.444644909,-0.009642570,0.022304769,0.074376911,0.058680747,-0.163181906,0.011007322,-0.052623449,0.223047694,0.743769107,0.586807467,-1.631819064,0.110073223,-0.526234490
2026-04-18T06:03:55.042409+00:00,1776492235.042408943,243.106000000,-0.246382215,-2.208931580,7.421571316,-1.144516589,-0.354673755,-0.007141689,-0.218907135,-0.015094615,-0.064499714,0.027355246,0.089971154,0.002500881,-2.189071345,-0.150946146,-0.644997145,0.273552457,0.899711537,0.025008812
2026-04-18T06:03:55.249090+00:00,1776492235.249089956,243.208000000,-0.214138974,-2.814965983,7.364968649,-1.124501615,-0.432038344,0.070395212,0.000000000,0.000000000,0.000000000,0.000000000,0.000000000,0.000000000,0.000000000,0.000000000,0.000000000,0.000000000,0.000000000,0.000000000
2026-04-18T06:03:55.448306+00:00,1776492235.448306084,243.308000000,0.157211048,-2.391103218,7.998933329,-1.095736549,-0.354424698,0.002926483,0.371350023,0.423862765,0.633964680,0.028765066,0.077613647,-0.067468729,3.713500226,4.238627651,6.339646804,0.287650664,0.776136467,-0.674687292
2026-04-18T06:03:55.648411+00:00,1776492235.648411036,243.412000000,-0.355778083,-2.431527366,7.743722109,-1.164057523,-0.510900757,0.062157539,0.000000000,0.000000000,0.000000000,0.000000000,0.000000000,0.000000000,0.000000000,0.000000000,0.000000000,0.000000000,0.000000000,0.000000000
2026-04-18T06:03:55.839506+00:00,1776492235.839505911,243.514000000,0.054309327,-1.929683459,7.518909739,-1.118388090,-0.457991612,-0.062247607,0.000000000,0.000000000,0.000000000,0.000000000,0.000000000,0.000000000,0.000000000,0.000000000,0.000000000,0.000000000,0.000000000,0.000000000
2026-04-18T06:03:56.049081+00:00,1776492236.049081087,243.618000000,0.494678214,-2.578786862,7.623478020,-1.126860743,-0.390755234,-0.053711736,0.000000000,0.000000000,0.000000000,0.000000000,0.000000000,0.000000000,0.000000000,0.000000000,0.000000000,0.000000000,0.000000000,0.000000000
2026-04-18T06:03:56.267724+00:00,1776492236.267724037,243.718000000,0.069134964,-2.811249959,7.633295351,-1.049462765,-0.419960598,-0.039331469,-0.425543250,-0.232463097,0.009817331,0.077397978,-0.029205363,0.014380267,-4.255432499,-2.324630971,0.098173311,0.773979779,-0.292053634,0.143802671
2026-04-18T06:03:56.465823+00:00,1776492236.465822935,243.820000000,0.022610234,-2.509132565,7.359506890,-1.080890530,-0.401112649,0.008625806,0.000000000,0.000000000,0.000000000,0.000000000,0.000000000,0.000000000,0.000000000,0.000000000,0.000000000,0.000000000,0.000000000,0.000000000
2026-04-18T06:03:56.659507+00:00,1776492236.659507036,243.920000000,0.050588908,-2.049497483,7.594336937,-1.170849313,-0.416388881,0.006482633,0.027978674,0.459635082,0.234830047,-0.089958783,-0.015276231,-0.002143173,0.279786744,4.596350822,2.348300472,-0.899587829,-0.152762313,-0.021431727
2026-04-18T06:03:56.858667+00:00,1776492236.858666897,244.020000000,0.102875526,-2.013814938,7.850449494,-1.175367497,-0.412790993,0.010349695,0.000000000,0.000000000,0.000000000,0.000000000,0.000000000,0.000000000,0.000000000,0.000000000,0.000000000,0.000000000,0.000000000,0.000000000
2026-04-18T06:03:57.056270+00:00,1776492237.056269884,244.120000000,-0.216181033,-2.650196476,7.517765673,-1.100656247,-0.369616826,0.030008936,-0.319056559,-0.636381538,-0.332683821,0.074711251,0.043174167,0.019659241,-3.190565593,-6.363815380,-3.326838208,0.747112505,0.431741671,0.196592410
2026-04-18T06:03:57.280221+00:00,1776492237.280220985,244.220000000,0.089596888,-2.355692015,7.674282783,-1.146776421,-0.425589894,-0.009411787,0.305777921,0.294504461,0.156517110,-0.046120174,-0.055973068,-0.039420722,3.057779212,2.945044609,1.565171104,-0.461201745,-0.559730681,-0.394207222
2026-04-18T06:03:57.487939+00:00,1776492237.487938881,244.320000000,-0.034448400,-2.654800643,7.588910639,-1.206037735,-0.478204509,-0.066860055,-0.124045289,-0.299108628,-0.085372144,-0.059261314,-0.052614615,-0.057448269,-1.240452887,-2.991086280,-0.853721439,-0.592613142,-0.526146149,-0.574482687
2026-04-18T06:03:57.686155+00:00,1776492237.686155081,244.404000000,-0.421856359,-2.461244508,7.457589722,-1.131273098,-0.506465367,0.036293651,-0.387407958,0.193556135,-0.131320917,0.074764638,-0.028260858,0.103153706,-3.874079581,1.935561350,-1.313209172,0.747646376,-0.282608582,1.031537059
2026-04-18T06:03:57.893042+00:00,1776492237.893042088,244.504000000,-0.525509393,-2.158085257,7.535763040,-1.282434331,-0.450189445,0.013820181,-0.103653034,0.303159251,0.078173318,-0.151161233,0.056275922,-0.022473470,-1.036530343,3.031592509,0.781733181,-1.511612328,0.562759216,-0.224734700
2026-04-18T06:03:58.109308+00:00,1776492238.109308004,244.604000000,-0.067145389,-2.504928040,7.270755003,-1.193608382,-0.358024883,-0.047410958,0.000000000,0.000000000,0.000000000,0.000000000,0.000000000,0.000000000,0.000000000,0.000000000,0.000000000,0.000000000,0.000000000,0.000000000
2026-04-18T06:03:58.333031+00:00,1776492238.333030939,244.704000000,-0.091483569,-2.223416237,7.292601091,-1.201991683,-0.404833289,-0.032192644,-0.024338180,0.281511803,0.021846088,-0.008383301,-0.046808405,0.015218315,-0.243381797,2.815118026,0.218460882,-0.083833011,-0.468084054,0.152183147
2026-04-18T06:03:58.525042+00:00,1776492238.525042057,244.804000000,0.341096622,-1.990943248,7.407727931,-1.226424346,-0.433034544,0.064173382,0.432580190,0.232472989,0.115126840,-0.024432662,-0.028201255,0.096366026,4.325801905,2.324729890,1.151268401,-0.244326621,-0.282012553,0.963660259
2026-04-18T06:03:58.735799+00:00,1776492238.735799074,244.904000000,0.111438208,-2.432118826,6.924039153,-1.171210037,-0.432435575,-0.029587907,-0.229658414,-0.441175578,-0.483688778,0.055214308,0.000598969,-0.093761289,-2.296584139,-4.411755780,-4.836887782,0.552143083,0.005989687,-0.937612888
2026-04-18T06:03:58.940146+00:00,1776492238.940145969,245.004000000,-0.149993383,-2.317964153,7.515572330,-1.053491235,-0.503132855,-0.007650719,-0.261431591,0.114154673,0.591533177,0.117718802,-0.070697280,0.021937188,-2.614315907,1.141546733,5.915331767,1.177188020,-0.706972796,0.219371880
2026-04-18T06:03:59.159091+00:00,1776492239.159090996,245.104000000,0.105723417,-2.896849763,7.215424961,-1.065575097,-0.479326264,-0.002882074,0.000000000,0.000000000,0.000000000,0.000000000,0.000000000,0.000000000,0.000000000,0.000000000,0.000000000,0.000000000,0.000000000,0.000000000
2026-04-18T06:03:59.367997+00:00,1776492239.367996931,245.204000000,0.040925918,-2.349310264,7.480191309,-1.094800783,-0.325395933,0.002952020,-0.064797499,0.547539499,0.264766349,-0.029225686,0.153930331,0.005834095,-0.647974992,5.475394986,2.647663488,-0.292256863,1.539303309,0.058340949
2026-04-18T06:03:59.563049+00:00,1776492239.563049078,245.304000000,0.012724316,-2.453806639,7.491771588,-1.118927515,-0.448151382,-0.031586845,-0.028201602,-0.104496374,0.011580279,-0.024126732,-0.122755448,-0.034538866,-0.282016022,-1.044963743,0.115802788,-0.241267319,-1.227554485,-0.345388656
2026-04-18T06:03:59.773281+00:00,1776492239.773281097,245.404000000,0.185548922,-2.264007673,7.461948613,-1.032988093,-0.389846190,0.011494923,0.172824606,0.189798966,-0.029822975,0.085939422,0.058305192,0.043081769,1.728246061,1.897989656,-0.298229752,0.859394220,0.583051919,0.430817686
2026-04-18T06:03:59.988912+00:00,1776492239.988912106,245.506000000,-0.286122230,-2.331429056,7.422575722,-1.150041881,-0.413876407,0.063108255,0.000000000,0.000000000,0.000000000,0.000000000,0.000000000,0.000000000,0.000000000,0.000000000,0.000000000,0.000000000,0.000000000,0.000000000
2026-04-18T06:04:00.184106+00:00,1776492240.184106112,245.606000000,-0.200644920,-2.551638140,7.416941386,-1.135869005,-0.410888131,0.059359439,0.085477310,-0.220209083,-0.005634336,0.014172876,0.002988276,-0.003748816,0.854773101,-2.202090832,-0.056343364,0.141728761,0.029882764,-0.037488156
2026-04-18T06:04:00.396587+00:00,1776492240.396586895,245.708000000,-0.324279298,-2.066109116,8.035726578,-1.098410760,-0.462226620,-0.033723849,0.000000000,0.000000000,0.000000000,0.000000000,0.000000000,0.000000000,0.000000000,0.000000000,0.000000000,0.000000000,0.000000000,0.000000000
2026-04-18T06:04:00.598015+00:00,1776492240.598015070,245.808000000,-0.227166757,-2.344901660,7.255458613,-1.122305854,-0.420124049,0.001510101,0.097112541,-0.278792544,-0.780267965,-0.023895094,0.042102571,0.035233950,0.971125408,-2.787925441,-7.802679651,-0.238950940,0.421025710,0.352339500
2026-04-18T06:04:00.805000+00:00,1776492240.805000067,245.908000000,-0.258336083,-2.454865082,7.716559060,-1.080436137,-0.444641350,-0.018729115,-0.031169326,-0.109963422,0.461100447,0.041869717,-0.024517301,-0.020239216,-0.311693263,-1.099634224,4.611004468,0.418697170,-0.245173012,-0.202392162
2026-04-18T06:04:01.005906+00:00,1776492241.005906105,246.008000000,0.006565796,-2.794484029,7.330147200,-1.146944764,-0.312872286,0.003967063,0.000000000,0.000000000,0.000000000,0.000000000,0.000000000,0.000000000,0.000000000,0.000000000,0.000000000,0.000000000,0.000000000,0.000000000
2026-04-18T06:04:01.220995+00:00,1776492241.220994949,246.108000000,0.065857749,-3.164781332,7.070797609,-0.957613021,-0.362157531,-0.074479911,0.059291952,-0.370297303,-0.259349591,0.189331743,-0.049285246,-0.078446974,0.592919522,-3.702973031,-2.593495908,1.893317432,-0.492852456,-0.784469740
2026-04-18T06:04:01.424733+00:00,1776492241.424732924,246.208000000,0.004600313,-2.660319249,7.509830623,-1.125332582,-0.229181794,-0.056852412,-0.061257436,0.504462083,0.439033014,-0.167719561,0.132975738,0.017627499,-0.612574360,5.044620826,4.390330144,-1.677195606,1.329757377,0.176274988
2026-04-18T06:04:01.631039+00:00,1776492241.631038904,246.308000000,-0.077463067,-2.855872928,7.587272211,-1.112611924,-0.477621362,-0.027047258,-0.082063379,-0.195553679,0.077441588,0.012720658,-0.248439568,0.029805154,-0.820633794,-1.955536788,0.774415878,0.127206581,-2.484395685,0.298051542
2026-04-18T06:04:01.843908+00:00,1776492241.843908072,246.408000000,0.054420873,-2.462670993,7.340108689,-1.185945076,-0.341965230,0.078940104,0.131883940,0.393201935,-0.247163523,-0.073333153,0.135656132,0.105987362,1.318839399,3.932019351,-2.471635227,-0.733331529,1.356561317,1.059873621
2026-04-18T06:04:02.052760+00:00,1776492242.052759886,246.508000000,0.047614124,-2.331005233,7.682569152,-1.079645268,-0.407077862,-0.080434277,0.000000000,0.000000000,0.000000000,0.000000000,0.000000000,0.000000000,0.000000000,0.000000000,0.000000000,0.000000000,0.000000000,0.000000000
2026-04-18T06:04:02.267055+00:00,1776492242.267055035,246.610000000,-0.093615242,-2.600052660,7.417989166,-1.065824145,-0.425937729,-0.005389386,0.000000000,0.000000000,0.000000000,0.000000000,0.000000000,0.000000000,0.000000000,0.000000000,0.000000000,0.000000000,0.000000000,0.000000000
2026-04-18T06:04:02.471480+00:00,1776492242.471479893,246.710000000,0.082791293,-2.499189803,7.516279527,-1.037796344,-0.457804828,0.001530139,0.176406534,0.100862858,0.098290361,0.028027801,-0.031867099,0.006919525,1.764065344,1.008628578,0.982903611,0.280278005,-0.318670988,0.069195249
2026-04-18T06:04:02.666874+00:00,1776492242.666873932,246.812000000,-0.408598342,-2.755341595,7.568855875,-1.078200807,-0.396431882,0.112110598,0.000000000,0.000000000,0.000000000,0.000000000,0.000000000,0.000000000,0.000000000,0.000000000,0.000000000,0.000000000,0.000000000,0.000000000
2026-04-18T06:04:02.871315+00:00,1776492242.871315002,246.914000000,-0.524833668,-2.242977213,7.273903539,-1.091139700,-0.386773100,0.014290381,0.000000000,0.000000000,0.000000000,0.000000000,0.000000000,0.000000000,0.000000000,0.000000000,0.000000000,0.000000000,0.000000000,0.000000000
2026-04-18T06:04:03.077895+00:00,1776492243.077894926,247.014000000,-0.550667377,-2.199035548,7.264703989,-1.109597029,-0.411427884,-0.015521873,0.000000000,0.000000000,0.000000000,0.000000000,0.000000000,0.000000000,0.000000000,0.000000000,0.000000000,0.000000000,0.000000000,0.000000000
2026-04-18T06:04:03.274142+00:00,1776492243.274142027,247.114000000,0.230426864,-2.411896288,7.626807663,-1.096152391,-0.391014446,0.011760115,0.781094240,-0.212860740,0.362103674,0.013444637,0.020413437,0.027281988,7.810942403,-2.128607403,3.621036742,0.134446375,0.204134374,0.272819876
2026-04-18T06:04:03.485523+00:00,1776492243.485522985,247.216000000,-0.170504947,-2.598887630,7.532246051,-1.160009087,-0.306760669,0.032018043,0.000000000,0.000000000,0.000000000,0.000000000,0.000000000,0.000000000,0.000000000,0.000000000,0.000000000,0.000000000,0.000000000,0.000000000
2026-04-18T06:04:03.689364+00:00,1776492243.689363956,247.316000000,0.019131328,-2.628933489,7.238068889,-1.088805947,-0.444493321,0.006432290,0.189636274,-0.030045859,-0.294177162,0.071203140,-0.137732652,-0.025585753,1.896362744,-0.300458590,-2.941771624,0.712031401,-1.377326522,-0.255857529
2026-04-18T06:04:03.893530+00:00,1776492243.893529892,247.416000000,0.046199220,-2.256729078,7.236085795,-1.066665790,-0.383599587,0.085366273,0.027067892,0.372204411,-0.001983093,0.022140157,0.060893734,0.078933982,0.270678925,3.722044108,-0.019830934,0.221401569,0.608937344,0.789339822
2026-04-18T06:04:04.094243+00:00,1776492244.094243050,247.516000000,-0.400224987,-2.457208840,7.269231950,-1.155525855,-0.398528558,-0.029925885,-0.446424207,-0.200479762,0.033146155,-0.088860065,-0.014928971,-0.115292157,-4.464242069,-2.004797620,0.331461545,-0.888600654,-0.149289711,-1.152921574
2026-04-18T06:04:04.289603+00:00,1776492244.289602995,247.616000000,-0.302914708,-2.484477582,7.539163479,-0.975590229,-0.370451918,0.017792469,0.000000000,0.000000000,0.000000000,0.000000000,0.000000000,0.000000000,0.000000000,0.000000000,0.000000000,0.000000000,0.000000000,0.000000000
2026-04-18T06:04:04.508353+00:00,1776492244.508352995,247.716000000,0.086776639,-2.977623258,7.429745390,-0.941933424,-0.431214975,0.070294242,0.389691347,-0.493145676,-0.109418089,0.033656804,-0.060763057,0.052501773,3.896913471,-4.931456762,-1.094180888,0.336568044,-0.607630571,0.525017734
2026-04-18T06:04:04.706458+00:00,1776492244.706458092,247.816000000,-0.722816017,-2.308909814,7.875000346,-1.078377541,-0.589675508,0.099573736,-0.809592656,0.668713444,0.445254955,-0.136444117,-0.158460533,0.029279494,-8.095926556,6.687134441,4.452549553,-1.364441171,-1.584605331,0.292794937
2026-04-18T06:04:04.910857+00:00,1776492244.910856962,247.916000000,0.199349390,-2.797176755,7.206510496,-1.122630999,-0.425016349,0.016932407,0.922165406,-0.488266941,-0.668489850,-0.044253457,0.164659160,-0.082641329,9.221654064,-4.882669411,-6.684898500,-0.442534574,1.646591598,-0.826413291
2026-04-18T06:04:05.113432+00:00,1776492245.113431931,248.016000000,0.095258001,-2.552457528,7.349073650,-1.008634969,-0.303319666,0.107585109,-0.104091389,0.244719227,0.142563154,0.113996030,0.121696683,0.090652702,-1.040913891,2.447192269,1.425631543,1.139960299,1.216966828,0.906527018
2026-04-18T06:04:05.332815+00:00,1776492245.332814932,248.116000000,0.241413006,-2.229652438,7.755356003,-1.132053950,-0.393289416,0.006307697,0.000000000,0.000000000,0.000000000,0.000000000,0.000000000,0.000000000,0.000000000,0.000000000,0.000000000,0.000000000,0.000000000,0.000000000
2026-04-18T06:04:05.543133+00:00,1776492245.543133020,248.216000000,-0.055163338,-2.745759139,7.474732917,-1.219615486,-0.361496803,-0.000826199,-0.296576344,-0.516106701,-0.280623086,-0.087561535,0.031792613,-0.007133896,-2.965763438,-5.161067011,-2.806230857,-0.875615355,0.317926129,-0.071338962
2026-04-18T06:04:05.745543+00:00,1776492245.745543003,248.316000000,-0.313001048,-2.568352908,7.310255219,-1.138817392,-0.412597745,0.013061488,-0.257837710,0.177406231,-0.164477699,0.080798093,-0.051100942,0.013887687,-2.578377100,1.774062308,-1.644776986,0.807980934,-0.511009420,0.138876873
2026-04-18T06:04:05.957641+00:00,1776492245.957640886,248.416000000,0.167201956,-2.351899669,7.519619031,-0.957261778,-0.398193528,-0.066851442,0.480203003,0.216453240,0.209363812,0.181555614,0.014404217,-0.079912930,4.802030032,2.164532395,2.093638121,1.815556139,0.144042171,-0.799129299
2026-04-18T06:04:06.170281+00:00,1776492246.170280933,248.516000000,-0.392432244,-2.354753257,7.498532844,-1.124349786,-0.602070174,0.005018186,-0.559634200,-0.002853589,-0.021086187,-0.167088007,-0.203876646,0.071869628,-5.596342000,-0.028535889,-0.210861868,-1.670880073,-2.038766461,0.718696277
2026-04-18T06:04:06.377842+00:00,1776492246.377841949,248.616000000,-0.176329542,-2.614829862,7.826296431,-1.171531444,-0.473210028,0.095137843,0.000000000,0.000000000,0.000000000,0.000000000,0.000000000,0.000000000,0.000000000,0.000000000,0.000000000,0.000000000,0.000000000,0.000000000
2026-04-18T06:04:06.590420+00:00,1776492246.590420008,248.718000000,-0.093172105,-2.372220491,7.268386004,-1.123382348,-0.304127513,-0.109540032,0.000000000,0.000000000,0.000000000,0.000000000,0.000000000,0.000000000,0.000000000,0.000000000,0.000000000,0.000000000,0.000000000,0.000000000
2026-04-18T06:04:06.795948+00:00,1776492246.795948029,248.818000000,-0.156112731,-2.709246746,7.831411225,-0.991148301,-0.405704981,-0.062756213,0.000000000,0.000000000,0.000000000,0.000000000,0.000000000,0.000000000,0.000000000,0.000000000,0.000000000,0.000000000,0.000000000,0.000000000
2026-04-18T06:04:07.006910+00:00,1776492247.006910086,248.918000000,0.150894564,-2.188591015,7.376924635,-1.124702955,-0.477394954,0.051339376,0.307007296,0.520655732,-0.454486590,-0.133554654,-0.071689973,0.114095590,3.070072957,5.206557317,-4.544865896,-1.335546541,-0.716899734,1.140955897
2026-04-18T06:04:07.211434+00:00,1776492247.211433887,249.018000000,0.166724695,-2.548826383,7.481452641,-1.225620022,-0.433126626,-0.041542682,0.015830131,-0.360235368,0.104528005,-0.100917068,0.044268327,-0.092882058,0.158301307,-3.602353678,1.045280054,-1.009170677,0.442683275,-0.928820583
2026-04-18T06:04:07.415260+00:00,1776492247.415260077,249.098000000,-0.001578700,-2.277842197,7.478712496,-1.156447538,-0.292708893,0.089611023,-0.168303395,0.270984185,-0.002740145,0.069172484,0.140417734,0.131153705,-1.683033951,2.709841855,-0.027401446,0.691724841,1.404177337,1.311537046
2026-04-18T06:04:07.621528+00:00,1776492247.621527910,249.202000000,0.032601057,-2.784245066,7.469901318,-1.066329212,-0.511110811,-0.030298557,0.000000000,0.000000000,0.000000000,0.000000000,0.000000000,0.000000000,0.000000000,0.000000000,0.000000000,0.000000000,0.000000000,0.000000000
2026-04-18T06:04:07.824873+00:00,1776492247.824872971,249.302000000,-0.117903532,-2.294538933,7.268909213,-1.186176563,-0.411401062,-0.116085764,-0.150504589,0.489706133,-0.200992105,-0.119847351,0.099709749,-0.085787207,-1.505045887,4.897061327,-2.009921050,-1.198473513,0.997097495,-0.857872067
2026-04-18T06:04:08.037355+00:00,1776492248.037354946,249.404000000,0.206794150,-2.749926842,6.844320764,-1.154827141,-0.291891190,0.050973127,0.000000000,0.000000000,0.000000000,0.000000000,0.000000000,0.000000000,0.000000000,0.000000000,0.000000000,0.000000000,0.000000000,0.000000000
2026-04-18T06:04:08.243310+00:00,1776492248.243309975,249.504000000,0.043495457,-2.763356563,7.562990735,-1.012281759,-0.370015031,-0.045121321,-0.163298693,-0.013429721,0.718669971,0.142545382,-0.078123841,-0.096094447,-1.632986934,-0.134297208,7.186699711,1.425453817,-0.781238411,-0.960944475
2026-04-18T06:04:08.465654+00:00,1776492248.465653896,249.604000000,-0.029958505,-2.564712521,7.633389066,-1.087085864,-0.374361194,0.019656649,0.000000000,0.000000000,0.000000000,0.000000000,0.000000000,0.000000000,0.000000000,0.000000000,0.000000000,0.000000000,0.000000000,0.000000000
2026-04-18T06:04:08.688092+00:00,1776492248.688091993,249.704000000,-0.305454842,-2.661699777,7.407492310,-1.136365221,-0.405987089,0.005168680,-0.275496337,-0.096987256,-0.225896756,-0.049279357,-0.031625895,-0.014487970,-2.754963373,-0.969872561,-2.258967558,-0.492793573,-0.316258946,-0.144879699
2026-04-18T06:04:08.881919+00:00,1776492248.881918907,249.804000000,0.002364206,-2.429975210,7.663406863,-1.249810063,-0.355957594,0.036254559,0.307819048,0.231724567,0.255914552,-0.113444842,0.050029495,0.031085879,3.078190484,2.317245672,2.559145524,-1.134448415,0.500294953,0.310858791
2026-04-18T06:04:09.092205+00:00,1776492249.092205048,249.904000000,-0.252212080,-2.428098761,7.444332443,-0.998333483,-0.530203373,0.005465966,-0.254576286,0.001876449,-0.219074420,0.251476580,-0.174245779,-0.030788593,-2.545762856,0.018764492,-2.190744197,2.514765801,-1.742457792,-0.307885928
2026-04-18T06:04:09.312209+00:00,1776492249.312208891,250.004000000,-0.065479789,-2.715369566,7.236994194,-1.074696935,-0.270651184,0.027428086,0.186732291,-0.287270806,-0.207338249,-0.076363452,0.259552189,0.021962120,1.867322906,-2.872708057,-2.073382487,-0.763634525,2.595521888,0.219621198
